User,Item,Rating
ATQU5FLK95ZDZ,B00002R108,5
AYN3DEOX88S7I,B000035Y6D,5
A12F0GXX00TUO9,B000035Y6D,3
A1DESHH2QU1FV4,B000035Y6D,5
A2N4P35FVAGYAL,B000035Y6D,5
A1F1Y66CV2UMSC,B000035Y6D,4
A8TOPIIVU7W1T,B000035Y6D,5
A30OIZ12OGKX15,B000035Y6D,5
A2U1HC37G5CEQ6,B000035Y6D,5
A1JAICBAZ3YHF1,B000035Y6D,5
AMGVWVLJU4B99,B000035Y6D,4
A1BOGEQ3FLZDKY,B000035Y6D,5
APD2EUMNVM4EO,B000035Y6D,4
A2AHFMRKVNC3S4,B000035Y6D,5
A1PD1SZE97IYN,B000035Y6D,5
A3AVJ9W2VK15YA,B00003OTI3,5
A21YQPYQ9EM91H,B00003OTI3,4
A20JEY9E8CPOTR,B00003OTI3,5
AZFIIW97MXGVR,B00003OTI3,3
AXX8X0O61EGPW,B00003OTI3,5
A2WTO0ST2SUUY9,B00003OTI3,2
A27D3F4MGHKN5V,B00004U4RF,5
A2HFZUVRPXFJWF,B00004U62A,5
A1LJ6MIXVEHPMH,B00004U62A,5
A23ZUK1J474V80,B00004Y57G,5
AKTFVK1F0UQY5,B00004Y57G,5
A18NQZS6ETRFKX,B00004Y57G,5
A2AETSBFFR5HS7,B00004Y57G,5
ARETNQQC8W3IU,B00004Y57G,5
AZYU8M791SIFC,B00004Y57G,5
A2MYU37X2I8L7I,B00004Y57G,5
A2RPDLIOA0IK93,B00004Y57G,1
A1BLEP8EBACXKC,B00004Y57G,5
A2SRLNEJFY0KH3,B00004Y57G,4
A175K2MLFLJWWO,B00004Y57G,5
A36UVCB0F11P5X,B00004Y57G,4
A2WV9I03JG1DFD,B00004Y57G,5
A2UTM01M30GICT,B00004Y57G,5
A1O6VVFHHFV5VY,B00004Y57G,5
A20CNK7V4A2NER,B00004Y57G,5
A3BORQ8W6SWVDF,B00004Y57G,5
A2KP4I6GXJN0P8,B00004Y57G,5
A1LO4YSQOQ7TZQ,B00004Y57G,4
AO9PQQ3KM2Y8T,B00004Y57G,5
A31P7PKTB5WFXS,B00004Y57G,5
A2C6MKT9HL2GJH,B00004Y57G,5
A370Z6I5GBWU44,B00005BISH,4
A32Q36SLF97PGO,B00005BISH,5
A182ZQKI8M0CWZ,B00005BISH,5
A2ZP5FGTKIT9MM,B00005MA97,4
A35W73EQPW3HB3,B00005MA97,5
AU32ZJ0LGMBSA,B00005MA97,5
A35XZ9RSUKIJ02,B00005MA97,5
A22HSBTXF6WLT7,B00005MA97,4
A22PBDF7OQ99E4,B00005MA97,5
A289NRXIUI2KOL,B00005MA97,5
AYB7JFPEL3LSC,B00005MA97,5
A2ELYW8V8AMHBI,B00005MA97,5
A91570B9XDDI0,B00005MA97,1
A2C9TZCSWW0B3K,B00005MA97,5
A1PLB1ATIKNK17,B00005MA97,4
AKUDXZUFDO9ML,B00006IJJG,4
A3KMEUY129LFLH,B00006IJJG,5
A3OM1G92C2Z4EK,B000093NQG,5
A3OUSPVVF7FHWN,B00019AZBO,4
A2RF0YBZ43IWEF,B00019AZBO,4
A38JS86CCLBVOY,B00019AZBO,5
A2HMVBU504ZCF4,B00019AZBO,4
AOIMVO7OJKNW8,B00019AZBO,5
A3OTHWG8LLCLMU,B00019AZBO,5
ADIOL01IILTJ7,B00019AZBO,5
A3EPCX4M6IKD85,B00019AZBO,5
A3J1HCPHRUVFJQ,B0002IBEFA,5
A2GUP3FTLCYYT2,B0002IBEFA,3
A27Z9FV4D0EYHT,B0002IBEFA,5
A3JZVYYPT537G0,B0006GBCZU,5
AC0EP89N3CVF2,B0006GBCZU,5
A2S17QZKM5GPBH,B0006GBCZU,4
A37DMYQVT0GZLD,B0006GBCZU,5
A2Q1GDU4W1CXA7,B0006GBCZU,1
A1Q2HOKUDHW4QG,B0006GBCZU,5
A24PV6WH2ZNW4N,B0006GBCZU,5
A6MD2X7CHCIM2,B0006GBCZU,5
A35BKVNMWXQJER,B0006GBCZU,5
AH56RWPKFHA8L,B0006GBCZU,5
A1PSOVIQK992SV,B0006GBCZU,4
A3SASR2U6F3INE,B0006GBCZU,5
A3M9S1IRW6ZV8Y,B0006GBCZU,4
A280923QR5PCHL,B0006GBCZU,4
A2HPX9RSN2STAL,B0006GBCZU,2
A10651BV3W39GM,B0006GBCZU,5
A1BB4W07LI1GIT,B0006GBCZU,5
A1VPSXPP285V75,B0006GBCZU,5
A279GQG6MUIOJF,B0007WOX4A,5
A1Q0Q7CZMLYRCE,B000E2D3LC,5
A1QGW7ZCY0TO5V,B000E2D3LC,5
A3F10TTN54PLF9,B000E2D3LC,2
A36LT58X5GZV68,B000E2D3LC,5
A3AIPY438KNXUS,B000E2D3LC,4
A2RTEM8DEXTU00,B000E2D3LC,2
A386OP2O7Z5Y5L,B000E2D3LC,3
A1Q2QSS0W29DTM,B000E2D3LC,5
AXDREET869SAI,B000E2D3LC,5
A1Z1ZW6KYX419,B000E2D3LC,5
A10DWGX7ZBM7EQ,B000E2D3LC,5
A3EEYH6VD8BJ79,B000E2D3LC,5
A2AL0CNORVTLHS,B000E2D3LC,5
A20QMISU4S0XRC,B000FQBPDU,5
A394DOIBX2VTUO,B000FQBPDU,5
A36UKFV79879MD,B000FQBPDU,5
A3HORVSI2I23YR,B000FQBPDU,4
A1DDG2R80UWTPI,B000FQBPDU,5
A1H6IAYYAXTCE4,B000FQBPDU,5
A2HC18LRW8773H,B000FQBPDU,3
A387VRSI2OET79,B000HX1P72,4
A24MAJ6OUIP56Q,B000HX1P72,5
A3F18SDKBDF2WR,B000HX1P72,3
A2JM83X18KJOYC,B000HX1P72,5
A1ZXMMYRVPI1KC,B000HX1P72,4
A205C7VCSDVARI,B000HX1P72,5
A1TKDHV7V1QEI7,B000HX1P72,5
A376HQMW66628Q,B000HX1P72,5
A3TZ5LSGBNEQUQ,B000HX1P72,4
A3VU9EC95GZ418,B000HX1P72,5
A3QVDK15HBBZ3W,B000I5KW32,4
AUHQWQYMF5JID,B000M17AVO,2
A3BBJHJ9K8RSXT,B000M17AVO,4
AV64O7H0UQKE0,B000M17AVO,4
A1G5FHPI3IBMOU,B000M17AVO,5
A34CKNCNNRMH71,B000M17AVO,5
AEXNFDTRRKDWF,B000M17AVO,5
AEZJTA4KDIWY8,B000M17AVO,4
A12RIRFPS7GZE8,B000M17AVO,3
A1X02AIG3JZ1X3,B000M17AVO,4
AZDSTXLM1TLRR,B000M17AVO,5
A16Y38XB7IH852,B000M17AVO,5
A4O5GYLGGCFG7,B000M17AVO,4
A3F8T3BRXRX5P3,B000M17AVO,4
AYSZANREWH1RH,B000M17AVO,4
A2DQM7H87J5ZAU,B000M17AVO,4
A12WJNGBYADQUS,B000M17AVO,2
A1Q42UHPQ6697Z,B000M17AVO,4
A2EJ05Q7TYG67R,B000M17AVO,5
A2ZSRQJG6QPG8M,B000M17AVO,4
A2U8LTGT055LCY,B000M17AVO,5
A3CWHIOI1QU4ZN,B000M17AVO,2
A3JBVKDALICNNN,B000M17AVO,4
AX5O7AJMA503I,B000M17AVO,5
A2V7UZ3M0I2376,B000M17AVO,4
A14I1F2H7NOYDC,B000M17AVO,5
A6N8YJNAGKS50,B000M17AVO,4
A23NSKTMSPPBTR,B000M17AVO,3
A2NOBI4U8Q3LF7,B000SQ5LPU,4
ACSEVXT6SHGTB,B000SQ5LPU,5
A1HSO763RXMYOH,B000WCQX2U,5
A33PGI3II2GDFJ,B00140R0XK,1
A5FCUHSO1ICNN,B00140R0XK,4
A1U5X5HJV5A6P5,B00140R0XK,5
A15VY29RZOV6VS,B00140R0XK,5
A2Q1F0ILD2DB1E,B00140R0XK,3
ANMCXEL3A1B39,B00140R0XK,5
A325TSWX3H1W4K,B00140R0XK,1
AIRPZU3D43DNN,B00140R0XK,5
AFM9LKET50RZ4,B00140R0XK,5
A2BQYX3VAC63X7,B00140R0XK,4
AM8YMBJZXSRVD,B00140R0XK,4
A274X2LDAXUCA7,B0016BVY8O,5
A1VBQI5NOJRGJ6,B0016BVY8O,5
A2K4RT3JXF8WJ6,B0016BVY8O,2
A1K0VY2ZJFIDOB,B0016BVY8O,5
A3J8OUUMPJECWG,B001AZFSGK,4
A1G0VFQ9198IUF,B001AZFSEC,5
A3D30BRSOZEW1R,B001AZFSEC,4
A2YKRLLZNJ3Q8P,B001C6GVI6,5
A3RBLFELU9TH18,B001C6GVI6,5
AJXODTEDE02LW,B001C6GVI6,5
A2HLMK9TIRUPOZ,B001C6GVI6,5
A51GU5MRE94JT,B001C6GVI6,5
A1A9LXO3VDEQY0,B001C6GVI6,5
A1HYCXKDIRMXKV,B001C6GVI6,5
A16B8VOSTW7TVB,B001C6GVI6,5
A3VTFF0V0OIHA,B001C6GVI6,5
A35C0H4GCFMDXA,B001C6GVI6,5
A1FAZ9PFEMVG04,B001C6GVI6,4
A1EH5M0DTC2BZJ,B001C6GVI6,5
A2Y6XH4KZ4N7MN,B001C6GVI6,5
AVZZI2HV64ZPQ,B001C6GVI6,5
A12FZX32LABFYZ,B001C6GVI6,5
A15N6OWPKYBWLD,B001C6GVI6,5
ATXHR25M4UOJJ,B001C6GVI6,5
A2ADLCCFQGQ7MD,B001C6GVI6,5
A2GIY7N5BFLGIV,B001CXYMFS,4
A3NZ5T2LFF568Z,B001CXYMFS,5
A2CWCDETNSQEZV,B001CXYMFS,5
A2PG7XXTH76B9F,B001CXYMFS,5
A1FR25JAT7MDWE,B001CXYMFS,5
AU6ET22C0LUZW,B001CXYMFS,4
A3TMKXCYIF49XA,B001CXYMFS,5
A1P2YX0LSZCTPL,B001CXYMFS,5
A2H25I12T49OH7,B001CXYMFS,5
ANJ38RBU91LDV,B001CXYMFS,5
A3KKT3ORTA6MEC,B001CXYMFS,4
AYXSDH2R2AMJD,B001CXYMFS,5
A2DS0VV83HWXXU,B001CXYMFS,4
A3AJ5HBSWCAUWY,B001CXYMFS,5
A1X55XRZR3JS0E,B001CXYMFS,5
A9GK1UXBH4TUG,B001CXYMFS,5
A1NFFTOPMXWTPL,B001CXYMFS,4
ARPEZ3KXLFK8K,B001CXYMFS,3
A1PIOP87VTLAV9,B001CXYMFS,5
AIRS3798Q6OZ6,B001CXYMFS,5
A8P2XZFSXMAKB,B001CXYMFS,5
A1QFFZSDRFZBRX,B001CXYMFS,5
A2WAP8VW5QYOKH,B001CXYMFS,5
A2Z50R0BIF2FRH,B001CXYMFS,5
A3S9NB8XPK1T74,B001CXYMFS,5
A3BTBIV6N9BZFR,B001CXYMFS,4
A1MN7C5D8Z1J8F,B001CXYMFS,3
A1TG40EJLESTC9,B001CXYMFS,4
A268PYG9RXUYLL,B001CXYMFS,5
A2QC6RHD6VJJ34,B001CXYMFS,5
ASGUOR0VHPZ4L,B001CXYMFS,5
A39X42CXSE8Q1L,B001CXYMFS,3
A1KMSYUCPIE0NS,B001CXYMFS,2
A27R3QXYO6J2A1,B001K7HV3Q,1
A2W8P3W8GAMXDB,B001K7HV3Q,4
A12JQXT2J8B2AM,B001K7HV3Q,3
A2TRHIRILFDHXZ,B001K7HV3Q,5
A137NXN5BADR4S,B001K7HV3Q,1
A36ULDD46DYUOZ,B001K7HV3Q,5
A53DLUDGHIIH2,B001K7HV3Q,5
AHQOZ7XHH9EZC,B001K7HV3Q,4
A1CSDYINERDFGB,B001K7HV3Q,5
A1FHM88EC4CL0F,B001K7HV3Q,4
A369U77JKIKZG2,B001K7HV3Q,5
A2TTRN6HU5SDZM,B001K7HV3Q,5
A39NXVGXGKYSW9,B001K7HV3Q,4
A1EPQH2I9AU02F,B001K7HV3Q,4
A2BERMRXE7Y293,B001K7HV3Q,4
A3FTBQV05140K5,B001K7HV3Q,1
A1AISTKJHWCW4I,B001K7HV3Q,5
A3VGZ4Z5ROB0KL,B001K7HV3Q,5
AXYZ1BOCO7UXE,B001K7HV3Q,5
A8R4CLFEV2WS7,B001K7HV3Q,3
A9XC7UJT9ODOR,B001K7HV3Q,2
A34GZY8YXLSDWC,B001K7HV3Q,5
AHD9HMKWXGIUZ,B001K7HV3Q,4
A14SSDH2HQWR57,B001K7HV3Q,3
A18NPNRL7UB7DD,B001K7HV3Q,5
A2YF4AKA4TU2PV,B001K7HV3Q,2
A5MP0ZH2I1P44,B001K7HV3Q,2
A1WPOY6VFG0CZX,B001K7HV3Q,5
A2ZJXQVDFO7IP7,B001K7HV3Q,2
A2KEBWLZQTKHAX,B001K7HV3Q,1
A2PPEFFIDXGCQU,B001K7HV3Q,3
A31DA2JVLM8ZXH,B001K7HV3Q,4
A1H846C0DZ3GVF,B001K7HV3Q,2
A1CKY01WDLN1DK,B001K7HV3Q,3
A230WWEA6BGB7D,B001K7HV3Q,1
A24A80HS2T7MS4,B001K7HV3Q,4
A2A1PGSEIUNCRI,B001K7HV3Q,5
A10DOBNH1XIP9S,B001K7HV3Q,5
ABEIP4THRLUAD,B001K7HV3Q,4
AUJ6BNV9V8RHE,B001K7HV3Q,5
A2FQYIMQN4Y6YA,B001K7HV3Q,4
A2RTUZEUT87V92,B001K7HV3Q,5
A31MQU01A32G6A,B00242KDH2,4
A15KI6MFYZRXH5,B00242KDH2,3
ADVY89SC87XVV,B0029LJIFG,5
A13CGIHLMZRYRR,B0029LJIFG,5
A24ECQCIUKA2Y3,B0029LJIFG,5
A2ABRS1NY9FAE4,B0029LJIFG,5
A2QY0WD2JLWUKS,B0029LJIFG,4
AOUSC65F686NB,B0029LJIFG,5
A3HS5LEYJF4U3F,B0029LJIFG,5
A31XEHVXWJNK1R,B0029LJIFG,5
A2JFV8QYQW1WLB,B0029LJIFG,5
A1V7ILIZ6CPNIQ,B0029LJIFG,5
AMVJKW7Z9JXNY,B0029LJIFG,1
A387RU77HIHF05,B0029LJIFG,5
AIZS7SM0PTT2B,B0029LJIFG,5
AYO600RHBT82B,B0029LJIFG,5
A3D9MO9V0E67CF,B0029LJIFG,5
A3KCETSIJNOK56,B0029LJIFG,5
A2JM7LQURVIGZC,B0029LJIFG,5
AWJGLHMJO0Z22,B0029LJIFG,5
A318SEPQCL9JYQ,B0029LJIFG,5
A1E82P63I9D97B,B0029LJIFG,5
AL6R8X23EGQNG,B0029LJIFG,5
A25QRSSN65IZGQ,B0029LJIFG,4
A11F5CNC4KJB3Q,B0029LJIFG,5
ACKE7RAMWLVP7,B0029LJIFG,5
A2EJ7NFODZPQNW,B0029LJIFG,5
AZBDLHIUU2ZCN,B0029LJIFG,5
A2OOR605L7T9EB,B0029LJIFG,5
AOJW1NEG3A13Y,B0029LJIFG,1
A3BGLYTB7SF5NZ,B0029LJIFG,3
A2SKYPCF3RH7E4,B0029LJIFG,5
A1CLG34ISK7VM5,B0029LJIFG,4
AWN8Q7FYS4G09,B0029LJIFG,5
A30KNYK8TKVYME,B0029LJIFG,5
A16ZW1T3768F7D,B0029LJIFG,5
A3MUM08KX3MWGD,B0029LJIFG,5
A1BGRJJNYRS89C,B0029LJIFG,5
A36X82VV95S49L,B0029LJIFG,5
A3LSHWYBJ8HV55,B0029LJIFG,5
A369H9QPTMAC1T,B0029LJIFG,5
A1PBJI0UM664DN,B0029LJIFG,5
A39IXBGZWTUE6Q,B0029LJIFG,5
A1UF7VX6WK4IAX,B0029LJIFG,5
A15DQV18MW1DQT,B0029LJIFG,5
A2W867M0FLJNHM,B0029LJIFG,5
A1NR52YKZSFI9D,B0029LJIFG,5
A2DSDUCC6ITCS2,B0029LJIFG,5
A1J9NIOVQZ6NDQ,B0029LJIFG,5
A18PWAPP65RZF5,B0029LJIFG,5
A4CE2GIDBVTTY,B0029LJIFG,5
A26X85BCG29X6T,B0029LJIFG,5
ALYDMXC5P4MUN,B0029LJIFG,5
A1WLYBOGZNC1V8,B0029LJIFG,5
A3A70SQMZ35JAW,B0029LJIFG,5
A2N3PTK1ZZGHSJ,B0029LJIFG,5
A3JV33RWCSJS3V,B0029LJIFG,5
A3BXZ5WUC5C22Y,B0029LJIFG,5
A3JN3XG1IQAPBR,B0029LJIFG,5
AEYZM50QVZECI,B0029LJIFG,5
AUX0RDL0DNCRB,B0029LJIFG,5
A22RHND4WE8980,B0029LJIFG,4
A3SDGRDVZZFUZK,B0029LJIFG,5
AOG5IJS9T4HYR,B0029LJIFG,5
A24DY0NEPKDJHL,B0029LJIFG,1
ASDTRRMK3T97F,B0029LJIFG,5
A37XQ1R7WFPXXP,B0029LJIFG,5
A1AD1N3GN314GE,B0029LJIFG,5
A41TJH99UZPHO,B0029LJIFG,5
A2T5D54THZG3B,B0029LJIFG,4
A3R1PY4V3CQT20,B0029LJIFG,5
AMWZMGDPPE6Q8,B0029LJIFG,5
A1Y9A4V9KBRELP,B0029LJIFG,5
AGC75EPFB7CYD,B0029LJIFG,3
A1EKIXRELV3GRU,B0029LJIFG,5
A2T1UTRR5N7UMT,B0029LJIFG,5
A1HYCXKDIRMXKV,B0029LJIFG,5
A10E37WON4IR1F,B0029LJIFG,5
A15KEPPOHK334E,B0029LJIFG,5
A58437AUQICZF,B0029LJIFG,5
A1K6XKK8I61K3M,B0029LJIFG,5
AMI1QE3P20XX3,B0029LJIFG,5
A2LUVLUDGLL63W,B0029LJIFG,5
A3QPV7H698C4DZ,B0029LJIFG,4
AU9WOPJHG6YM1,B0029LJIFG,5
A1BCWGEJSCASSX,B0029LJIFG,4
A2VIAB728UKYLK,B0029LJIFG,5
A36MDL9RQGO7EN,B0029LJIFG,5
A2VO7ILBN0HGVM,B0029LJIFG,5
APU0E4ZBPFVU9,B0029LJIFG,5
A1LI4C46JEAJ87,B0029LJIFG,5
A1G7O77H6KM7MG,B0029LJIFG,5
A1SRDTY3LVYMOM,B0029LJIFG,5
A3PLBAYDL70M9T,B0029LJIFG,5
AUXV4R9QCLINQ,B0029LJIFG,5
AX7S7GCQ7S3FI,B0029LJIFG,5
A1YRL8LO8PHBEV,B0029LJIFG,5
A37DDBK01DPMRS,B0029LJIFG,5
A2XVXULVINERQO,B0029LJIFG,5
A3VCS3ZHSRJZ4M,B0029LJIFG,4
A2WUS3SV2I2VLG,B0029LJIFG,5
A23ULLQK2W38CZ,B0029LJIFG,5
A2OERI2FWZ8L3V,B0029LJIFG,5
A19TQKZ3K6PX96,B0029LJIFG,5
A3BW1RPN2L6HIG,B0029LJIFG,5
A1SBU3ZYD96XE7,B0029LJIFG,5
A1Q62S1E5H3Q2A,B0029LJIFG,5
AYFE73SF4HM25,B0029LJIFG,5
A220KSL46PLJD,B0029LJIFG,5
A3A8W1021BQD2H,B0029LJIFG,5
A23NAOS45G0W7R,B0029LJIFG,5
A2KI1SGCZT2OEI,B0029LJIFG,5
A3OHGZQ6K91LSE,B0029LJIFG,5
A1ZOYJHU2BUMI8,B0029LJIFG,5
AWXVQAL1WCCD1,B0029LJIFG,5
A185O1MX1RP964,B0029LJIFG,5
A2SGUSL869TGWM,B0029LJIFG,5
A1Q42UHPQ6697Z,B0029LJIFG,5
A1TGBUNEO9FQUT,B0029LJIFG,4
A3NK28P0BSBJY4,B0029LJIFG,5
A2OMDGQEU5NN5H,B0029LJIFG,5
A29S4R7PQMF1M1,B0029LJIFG,5
A27DNSEA1L04L2,B0029LJIFG,3
A11MLEICKU8ZUC,B0029LJIFG,5
A28WYPGZCLGSGE,B0029LJIFG,5
A3EI9OFBQT43TZ,B0029LJIFG,5
A1R089P5AS26UE,B0029LJIFG,5
A1PM7HDUPHKBAE,B0029LJIFG,5
ANOBHAJ6QT2CC,B0029LJIFG,5
A3AA1IZUS0LNAD,B0029LJIFG,5
A3D732EQ36IHO8,B0029LJIFG,1
A3HY3B4PK2BSOV,B0029LJIFG,5
A27RMGVKSMU3CZ,B0029LJIFG,4
A1QXHBJAIHWQ2P,B0029LJIFG,5
APV99W7VS44SR,B0029LJIFG,5
ATOD7O8OJX1RG,B0029LJIFG,5
A3GQ3OALPYBHQ4,B0029LJIFG,5
A3A2IHUIJF4NJP,B0029LJIFG,1
A2JBWGFRJ05Z8D,B0029LJIFG,5
A1ZLX6RV6V0KXB,B0029LJIFG,5
AXM1FCV6918PZ,B0029LJIFG,5
A1I9Z7BQW5ZD0S,B0029LJIFG,5
A2TFY3UUUCU11R,B0029LJIFG,5
A2P4QIW2G6U8YZ,B0029LJIFG,5
AOJF59EUDPR7A,B0029LJIFG,5
A39C34NKIELF1S,B0029LJIFG,5
A1FGY5ZQ9APFZW,B0029LJIFG,5
A3H71LWD4YBGZ1,B0029LJIFG,5
A3BHINMBHKWB3M,B0029LJIFG,5
A3RUQO10JKY9NT,B0029LJIFG,5
A1THRXZXIM26NH,B0029LJIFG,5
A1ZHQBJ9GKLQUV,B0029LJIFG,1
A2RO8KU1XZ3PI8,B0029LJIFG,5
A1FHIVXO4VT538,B0029LJIFG,4
A3EXIM9H3PLDX9,B0029LJIFG,5
ALIDGWFTNIUMV,B0029LJIFG,5
A1MHB1HRR6VPEH,B0029LJIFG,1
A36TSJWQQHO48V,B0029LJIFG,5
A8K91XXAAELFC,B0029LJIFG,5
AS65L3A9I2ES6,B0029LJIFG,5
A28PTF4QRC99II,B0029LJIFG,5
A3K91X9X2ARDOK,B0029LJIFG,5
A1EFC98ABT0GJS,B0029LJIFG,5
A6PF05TEWKCL1,B0029LJIFG,4
A2J51L2Y1SS025,B0029LJIFG,5
A1K6GX42VCKCWD,B0029LJIFG,5
A3UKLX2A9T589C,B0029LJIFG,5
A2YQ8KPSTN8F9L,B0029LJIFG,5
A4JPX0XGT2XUU,B0029LJIFG,5
ADHQKNPEHLE17,B0029LJIFG,5
A2UGK9B2HNMMMV,B0029LJIFG,5
A3Q01Z3DDAH554,B0029LJIFG,5
A2BUFY3T6J35SW,B0029LJIFG,5
A3VU9EC95GZ418,B0029LJIFG,4
A13V6DN4QIL4EU,B0029LJIFG,3
A3QOA3TZZP669V,B0029LJIFG,5
A70HUR9X10R7I,B0029LJIFG,5
A1AB7J34R0S71V,B0029LJIFG,3
A18NPNRL7UB7DD,B002ASAGTA,5
A1ECGE8AVVRZ67,B002BRZ9G0,5
A1W8YQMXDS4ARK,B002BRZ9G0,5
AAIVJB0UBV4DI,B002BRZ9G0,5
A1XWZI706IR3PY,B002BRZ9G0,5
A1TUI07W2GO1HV,B002BRZ9G0,5
A2ITEFSXGHDI1Q,B002BRZ9G0,1
AL0S5HHCKNVCU,B002BRZ9G0,5
A3191FPO3I7RX7,B002BRZ9G0,5
A2C7KT9005KBOI,B002BRZ9G0,5
A3LLIYOMG63ODQ,B002BRZ9G0,5
A2XU2FK26SPUB3,B002BRZ9G0,5
A3GFK8UITCY61Q,B002BRZ9G0,4
A24CTNAE4ZDH6R,B002BRZ9G0,4
A2OUKHGJ85XN4U,B002BRZ9G0,5
A3QNS2C814E9H9,B002BRZ9G0,5
AJ1XG1BK7JK04,B002BRZ9G0,4
A1V2DX0V8KL9E2,B002BRZ9G0,5
A19CM93QR15BDZ,B002BRZ9G0,4
AZVCNOOQK36DH,B002BRZ9G0,5
AR53JNS62X44W,B002BRZ9G0,5
A1BXE1IHCWC6GV,B002BRZ9G0,5
A2VI24VXIU2NPY,B002BRZ9G0,5
A23UCLV6KCWYM8,B002BRZ9G0,5
A2J64Y5R59ME88,B002BRZ9G0,1
A1ESCF1CWAOUVK,B002BRZ9G0,5
A13O1YCZCYT76I,B002BRZ9G0,5
A3CYSC7Y6M0143,B002BRZ9G0,4
AKBLFE3250DN1,B002BRZ9G0,5
A3GCVZ1CZW36JU,B002BRZ9G0,5
A2BGH1RKD81HKB,B002BRZ9G0,5
A8R4CLFEV2WS7,B002BRZ9G0,5
AMXD8CPSN32GS,B002BRZ9G0,5
A3TOB54PMTDTYM,B002BRZ9G0,5
AKC267NY28IAT,B002BRZ9G0,5
A1OHS6XLYP2YED,B002BRZ9G0,5
AL2O1HC87MV1H,B002BRZ9G0,5
A1MX3ZWOZHQKLF,B002BRZ9G0,5
A1F8IN2X68KRRP,B002BRZ9G0,5
A1I35HL3PYIJ3N,B002BRZ9G0,5
AQ39N9E3I29NB,B002BRZ9G0,5
A1CO2DGEPCEZVZ,B002BRZ9G0,5
A37QXGWV22ETCC,B002BRZ9G0,4
AYF1G7OUOHHSY,B002BRZ9G0,5
A1800JFPSFGBQJ,B002BRZ9G0,5
A35DYBTP4POA5G,B002BRZ9G0,5
A04565241BNKWB0H0ZX1Y,B002BRZ9G0,5
A4YTY77O2DVAA,B002BRZ9G0,5
A188ZCR1M5BOLQ,B002BRZ9G0,5
A1ZZJPMOVHVC84,B002BRZ9G0,4
A3AVNYNNCYGR3J,B002BRZ9G0,3
AVMRZLZ2P776Y,B002BRZ9G0,5
A38QPN8LGVFAN8,B002BRZ9G0,4
AFTJGKMPC7A6G,B002BRZ9G0,5
A3KMHTKIEC9N0A,B002BRZ9G0,5
A2Z5PIEK3QM3EW,B002BRZ9G0,5
A2UNKYXPZRWX5,B002BRZ9G0,5
A1D534E32SUF6O,B002BRZ9G0,5
A2FJ0VC8FU3MPF,B002BRZ9G0,5
A18JPN9WD6V98F,B002BRZ9G0,4
ATEYD5ISYACFO,B002BRZ9G0,5
A1PG5UY0TU1SKO,B002BRZ9G0,5
A3F34JJIP2BSLM,B002BRZ9G0,5
A1GI3LIVJ8C4FD,B002BS47YE,1
A1D8HBCA90KV0,B002BS47YE,5
A2WPX0EE2DZGYK,B002BS47YE,3
A2RTTASV1C159W,B002BS47YE,5
A3QD4WOJXX30A8,B002BS47YE,4
A2J0M4VK76V4QA,B002BS47YE,5
A3B0SZ3FD4LHL5,B002BS47YE,1
A2ZJK585QIQBHC,B002BS47YE,4
A39T0L7SX0BQ8R,B002BS47YE,4
A32JGNK1JNUSST,B002BS47YE,5
A1A89LQ8C1AYV1,B002BS47YE,3
A26SY07QLE4LQE,B002BS47YE,5
AFPD2HBWQTA2C,B002BS47YE,4
A1XJYVTUSZHM5J,B002BS47YE,4
A135NMO5UONCCE,B002BS47YE,3
A1J3BZZ7PVU5SF,B002BS47YE,5
A1YQ7AYRHQIWTF,B002BS47YE,5
AXTSIREG6PYVF,B002BS47YE,5
APJ9VRI4ZHW28,B002BS47YE,5
AFY2MWSB3HI1C,B002BS47YE,2
A3HILAPGW4A8PB,B002BS47YE,4
A3VVOQ5K6C4Y7C,B002BS47YE,5
A3IUX3TC0X73TE,B002BS47YE,4
A2WB7LZ595CR50,B002BS47YE,4
A32EJ4MO4UQ5GY,B002BS47YE,5
A3RQZ1J5F5G104,B002BS47YE,2
A1KVOQVYLP45KQ,B002BS47YE,5
AAN5097C2YVL0,B002BS47YE,5
A27WQ0KVF1KXTM,B002BS47YE,1
A3H30CW2SUF5NT,B002BS47YE,2
AFCQ78N0GKHRZ,B002BS47YE,5
A3BV4PHLEC8UOV,B002BS47YE,5
A3R1Y85ER0LCRC,B002BS47YE,3
A2XJBI1V3K3PTA,B002BS47YE,4
A2OVSQQCIK55HF,B002BS47YE,3
A1LYN3ZK230TGE,B002BS47YE,4
A3BTBIV6N9BZFR,B002BS47YE,4
A334T5UDNESVRF,B002BS47YE,5
A2KCNRFE5NL5B6,B002BS47YE,5
A3MA0A49NGOV74,B002BS47YE,3
A18JPN9WD6V98F,B002BS47YE,5
A2Q1RZH5JAWO2B,B002BS47YE,5
A11F9TJ27PU3LB,B002BS47YE,1
AYU1GV7AIQ5YY,B002BS47YE,4
AWMPNFA6ZBRCF,B002BS47YE,5
A3PGGVAY8PKSAY,B002BS47YE,3
A3ITBOXLLVJ4YG,B002BSC54I,5
AE27TZH8TMJFY,B002BSC54I,4
A2644FJMHC69M,B002BSC54I,5
AM3I2BZZS9WUY,B002BSC54I,5
A3HC4YJ3KTVE8Z,B002BSC54I,1
A3JN2R3DWUF4Q,B002BSC54I,2
AQXUZJ7SMZWY2,B002BSC54I,4
AI0BFS7A8GDXA,B002BSC54I,4
AWAGSXM9CNZCC,B002BSC54I,4
A2KJXEXBBUDHXA,B002BSC54I,3
A3EW2L59UBHQSG,B002BSC54I,5
A294AC9LLO05JG,B002BSC54I,5
A1EG9VGHIL3P5Q,B002BSC54I,4
AIMT3E7BNFZNX,B002BSC54I,3
A2OUKHGJ85XN4U,B002BSC54I,3
A1O2OPGVLFZ83U,B002BSC54I,5
AFPVTHE4XOS3O,B002BSC54I,1
A18NQZS6ETRFKX,B002BSC54I,5
AOZIGABLW2DZ3,B002BSC54I,5
A1EXTRADHYTS8O,B002BSC54I,5
AU3VX544V9CH,B002BSC54I,5
A2NYO86GDLH0M9,B002BSC54I,5
AMBYLGVKF6ZTJ,B002BSC54I,5
A23AU4WB4RXYC8,B002BSC54I,5
AH4RX3MFDBW11,B002BSC54I,5
AQZH7YTWQPOBE,B002BSC54I,4
A2KHCIJVF7ZQTC,B002BSC54I,4
A3JUMMIGJ7B38X,B002BSC54I,3
A1F1Y66CV2UMSC,B002BSC54I,3
A2ES7IT00AP3F1,B002BSC54I,4
A3CBDLX4ZRNNRV,B002BSC54I,5
AZFBJPNG5USEL,B002BSC54I,3
A37SV9EGEGXCR8,B002BSC54I,5
A2Y42VI196NKP3,B002BSC54I,4
A1DDG2R80UWTPI,B002BSC54I,5
A2SR4F8QA1LN5M,B002BSC54I,4
A119Q9NFGVOEJZ,B002BSC54I,5
A227A5EE6ITYNF,B002BSC54I,5
A378B22B4X5W6I,B002BSC54I,4
A25VXIO6KY9PJC,B002BSC54I,5
A1INAOLVQFHF0T,B002BSC54I,5
A36UVCB0F11P5X,B002BSC54I,4
A2YEI4YF1WEEK3,B002BSC54I,5
A14C2BLXPHT77O,B002BSC54I,5
A14QFQFF3ZX575,B002BSC54I,1
A1MN87SEPCXY5H,B002BSC54I,5
A1CF26Y5TPVK5N,B002BSC54I,5
ABLG3BJIYAUMV,B002BSC54I,5
AYF1G7OUOHHSY,B002BSC54I,1
A1YZBOYBFC8XT0,B002BSC54I,5
A1RL028B7L3BC1,B002BSC54I,4
A1OM24JT3DAHH5,B002BSC54I,5
A2LQNY854DQS01,B002BSC54I,4
A2CVPRPZW9SJFI,B002BSC54I,5
A660C2X0UDO6Z,B002BSC54I,5
A26255E0YUCEAC,B002BSC54I,5
A1I4QMTVPASKE1,B002BSC54I,5
A25NSTXNN16KG8,B002BSC54I,1
A1X3FE2BNQPU0A,B002BSC54I,3
AU5LZSBUZ1AI9,B002BSC54I,5
A3NWDVRYFBV72W,B002BSC54I,5
AO9PQQ3KM2Y8T,B002BSC54I,5
AV62333WQDAXR,B002BSC54I,5
A9RHCOA781HWO,B002BSC54I,4
A39Z52KPAO8YR7,B002BSC54I,5
A2V7C6EIJMPU28,B002BSC54I,5
AKHSZLEPUTTY,B002BSC54I,5
A1LWJQS2RLES1A,B002BSC54I,5
A3SV2HI8DB9F61,B002BSC54I,5
A9V8Z0OL8I16P,B002BSC54I,5
AHUZQA0J2JDI9,B002BSC54I,1
A1X48L474B4WAZ,B002BSC54I,5
AM9K263JQJL7L,B002BSC54I,1
A27OW0P38B28OP,B002BSC54I,5
A25061YK6RBPG0,B002BSC54I,2
A3JKM9C3M4NG36,B002BSC54I,3
A3YZFAOCLPNQS,B002BU0DPE,4
AEIITMABXQ10E,B002BU0DPE,5
AW0ABR0EIBBBF,B002BU0DPE,4
A2SX8PN6ATNHEO,B002BU0DPE,1
A2Y3OYH05SBG3C,B002BU0DPE,4
A2NDINYWQRDC1Q,B002BU0DPE,3
A27OA5ES0R7FZT,B002BU0DPE,1
AJRUNK29QC887,B002BU0DPE,3
A2FNI7EAXTKVCO,B002BU0DPE,4
AHNDHE0IOLWKR,B002BU0DPE,2
A33ZWFVAJNXF5M,B002BU0DPE,5
A24UBC5SFSKLSW,B002BU0DPE,4
A23WYYRAFC9PW2,B002BU0DPE,4
A1X7K5917XTAVC,B002BU0DPE,1
AH93IH9CPEPD2,B002BU0DPE,2
ATI30VL5PHYUM,B002BU0DPE,5
A242WGNV6QEOC6,B002BU0DPE,2
A9KF63RDGA2Y5,B002BU0DPE,3
A43LVWVUYNPBH,B002BU0DPE,5
A1LUR7OKRQNUV3,B002BU0DPE,1
A26XBYBE01LW8T,B002BU0DPE,3
A3FHAI1S0BTW5K,B002BU0DPE,5
A1TM102EYLRTTF,B002BU0DPE,3
A3W4ZFT8ZVPIMA,B002BU0DPE,4
A2I0G8CWDXQBQJ,B002BU0DPE,3
A2B8RSOI3X3CSZ,B002BU0DPE,1
A3APED0AO9RUCU,B002BU0DPE,5
A2K09V9V41Y04E,B002BU0DPE,5
AX4OUOYP645H8,B002BU0DPE,5
AK0UGCUUSB919,B002BU0DPE,5
A2CUZZ2TBBSJ7H,B002BU0DPE,3
AR76R5CEEL4VW,B002BU0DPE,4
A3QDJEPMTPYXV3,B002BU0DPE,2
A2ZSRQJG6QPG8M,B002BU0DPE,3
A3UDNMYJUJOAXM,B002BU0DPE,5
A1CKY01WDLN1DK,B002BU0DPE,4
A2VZRPRIOAYJEV,B002BU0DPE,5
ASDBJMLTMIRGE,B002BU0DPE,5
A1Y922WSL0A768,B002BU0DPE,1
A1YUAOVNDMOWF2,B002BU0DPE,5
A2KTHL05K70KJO,B002BU0DPE,5
AL3X4LA0ITZVU,B002BU0DPE,4
A2YE8TQQWDJ3TS,B002BU0DPE,5
A5AE89ELRVJOG,B002BU0DPE,1
A1TYZ7C4IR4GH2,B002C7RBFQ,4
A1WUGODROXSMHV,B002ELCUUG,5
A2MM8KSKNPHY88,B002ELCUUG,4
AMSOH6T6E3FSJ,B002ELCUUG,5
A1XDV4OABSKTES,B002ELCUUG,5
A2UAXOV87YI5K9,B002ELCUUG,5
A116LFUTJ4UF4D,B002ELCUUG,5
A2TC9M0QL11QJ7,B002ELCUUG,5
A2MOABCP9123B4,B002ELCUUG,5
A1A2G1Z1FWMVWO,B002ELCUUG,5
A1G5FHPI3IBMOU,B002ELCUUG,5
A3VZ8FS3QLZJTO,B002ELCUUG,3
ADK2W3EYJL12M,B002ELCUUG,5
A3ASYTXJ8L0K7G,B002ELCUUG,4
A38ZJ2YEQ0AWQJ,B002ELCUUG,5
A2RHS27RPFBZAH,B002ELCUUG,5
A1WWDCX2K6P9RA,B002ELCUUG,5
A30NX6TM9Y8BOZ,B002ELCUUG,5
A365Q5VYMO7WPH,B002ELCUUG,4
A1CMSZGB8VYAY4,B002ELCUUG,5
A15ECVRCPSYQ1M,B002ELCUUG,5
A3FDRSRRI2F3XM,B002ELCUUG,5
A1KNQ76UJQ57TC,B002ELCUUG,5
A26F5B12T242LL,B002ELCUUG,5
A21BVAVL2X1WX4,B002ELCUUG,5
AAQ0NRWQOD922,B002ELCUUG,5
A1MKKGGBW5I9SC,B002ELCUUG,5
AFDPRZX9Z48Z6,B002ELCUUG,5
A8VS5379ZV9YV,B002ELCUUG,1
A1F0A78UDURIR,B002ELCUUG,4
A2AEMDWL53LDGB,B002ELCUUG,5
A29L8G5P52Y087,B002ELCUUG,5
A1E3LRIRK4VS2R,B002ELCUUG,5
AYKOEZFVI4TGP,B002ELCUUG,5
A33XG7H4GS2JF0,B002ELCUUG,3
A1K9STA34MVDYH,B002ELCUUG,5
A47E3AYWOAS8S,B002ELCUUG,1
A24ECQCIUKA2Y3,B002ELCUUG,5
A3GD8XZY4N7ZN9,B002ELCUUG,5
ATZKGCUB0FVX3,B002I092MM,2
A3AWKLG8L6U4EB,B002I092MM,5
A1BHPNNG1ZAHE0,B002I092MM,5
A28RTSJ7FKD99W,B002I092MM,5
A16M2UB5K6VBFS,B002I092MM,5
A39E99E2MIMLOC,B002I092MM,3
A2O6H1OQ7TIRM,B002I092MM,4
A17G8RLZHCFIYF,B002I092MM,5
A3A0HXE4IULPIM,B002I092MM,4
A36HKBZYRBE2H5,B002I092MM,5
A3C89WADVMXRNL,B002I092MM,5
A1ODTJI740VVPW,B002I092MM,5
AK1INV8KG5E8W,B002I092MM,5
A101XPS10HGU28,B002I092MM,5
A36UKFV79879MD,B002I092MM,5
AB1N1IN1JP3E9,B002I092MM,4
A1I2SGWF6SHP24,B002I092MM,5
AIMT3E7BNFZNX,B002I092MM,4
A3OTGYGGGIETJ2,B002I092MM,5
A2JX61R7ZLE89B,B002I092MM,5
AYJZ1J07WMQ5P,B002I092MM,4
A1412D2R82ZFF,B002I092MM,4
A2MWJS752GW2ZZ,B002I092MM,5
A2UGE6BCN2ZTYP,B002I092MM,5
A19CM93QR15BDZ,B002I092MM,5
A1B4KM7GVOBRSA,B002I092MM,5
A2YHP8PED4F6BF,B002I092MM,5
A87JI1JMRS0PG,B002I092MM,5
A2W437VMA8PMR,B002I092MM,3
A2XIP4MHJ6Q8H4,B002I092MM,4
A2KHCIJVF7ZQTC,B002I092MM,4
A2Z1A677VGN44U,B002I092MM,4
A1DDG2R80UWTPI,B002I092MM,4
A3035O4AZ52OSL,B002I092MM,5
A8JIA2ILZ0SX1,B002I092MM,3
A2L3DA3W53GRY4,B002I092MM,4
A32RYUDMGLLBJL,B002I092MM,5
ANKHN61VHEPW,B002I092MM,5
ARBDZ7S1TSHX5,B002I092MM,5
A3RQZ1J5F5G104,B002I092MM,3
A2SU6UK6FLY80F,B002I092MM,5
A2JSH6MZ9BOVJ2,B002I092MM,4
A3DCTZ89UATO25,B002I092MM,5
ANA8RE19L201J,B002I092MM,5
A1EVV74UQYVKRY,B002I092MM,5
A1MN87SEPCXY5H,B002I092MM,5
AASU3KMYV0JP7,B002I092MM,4
AH8583ASB88JB,B002I092MM,5
AZ0J176534PON,B002I092MM,5
A2TZF646VY84RC,B002I092MM,3
A3G9QYFX6SUH66,B002I092MM,5
A3L1OJND0GK9KG,B002I092MM,2
A15Z92801JZNAD,B002I092MM,4
A10L7QIDE9UF11,B002I092MM,5
ADOVK2FPSTR14,B002I092MM,4
AZIIM0UOCTSHV,B002I092MM,5
A2MPGUF6GALI7K,B002I092MM,5
A27DNSEA1L04L2,B002I092MM,5
A2WFTTZEHJ0AQA,B002I092MM,3
A1P7QUSKQYAJQV,B002I092MM,5
A2B3FCRI3MEYJU,B002I092MM,5
A2LQNY854DQS01,B002I092MM,5
A13YJSEFEZ17PO,B002I092MM,4
A28VZETN6LNCUD,B002I092MM,4
A1PEFBNGZD7AAC,B002I092MM,3
A3V761GBN0OEAN,B002I092MM,5
A1COHD6P8ASVJI,B002I092MM,5
A23MW5CPLTHSOV,B002I092MM,5
A3JBVKDALICNNN,B002I092MM,4
A2H9VNM5VBR5LF,B002I092MM,5
AISHP0JWSQJ95,B002I092MM,5
A2CIU6DW78E8XQ,B002I092MM,5
A25NSTXNN16KG8,B002I092MM,1
A1NENRMQWLRGQN,B002I092MM,5
AC9RN6DJ953QY,B002I092MM,5
A2QY4B60WUYHT2,B002I092MM,5
A3R33KMESG0XGQ,B002I092MM,4
A2U27GN88OLC4Q,B002I092MM,5
A228I577GMZATH,B002I092MM,5
AYKOEZFVI4TGP,B002I092MM,5
AMXJDVI60YD39,B002I092MM,5
A3CTMXWRKRJRMW,B002I092MM,5
AHJK8Y7IG1RSE,B002I092MM,3
A14FE14GPX0ZKA,B002I092MM,5
A9RHCOA781HWO,B002I092MM,4
A11548ZOIDAELN,B002I092MM,5
A1MHB1HRR6VPEH,B002I092MM,1
A3306R2G4LHEJV,B002I092MM,4
A2OWRTAQK6500U,B002I092MM,5
AIB1TXN9L5JA2,B002I092MM,5
A38IEZF0P3ZUQJ,B002I092MM,5
A2JNERDP9W01ZQ,B002I092MM,5
A27OW0P38B28OP,B002I092MM,5
ADPWDOHEQPNEA,B002I092MM,5
A1LR0FDT1LG5WD,B002I092MM,4
AM8E8MYNQHZR8,B002I092MM,5
A3NV2WCJ0CY46S,B002I092MM,5
AQMULOOQGRAGH,B002I092MM,5
A28LCLSHNWHAYQ,B002I092MM,5
A2KSCRBBJXWL3M,B002I092MM,5
A2ZO6YJ9TQL6M0,B002I08U20,4
A9WQ8G0SQAN9C,B002I08U20,4
AYB1N6LV65OQB,B002I08U20,5
ABEIDMD46BD7S,B002I08U20,2
A3VDR06VNCZQ6J,B002I0H1DY,4
AKECTU8MDKBXN,B002I0H1DY,4
A3F4HBSBMXGC0S,B002I0H1DY,5
A6CSSYERA32AL,B002I0H1DY,5
A20QMISU4S0XRC,B002I0H1DY,5
A22DKQT5IHN5RK,B002I0H1DY,5
A2IOIRK1CSRTDC,B002I0H1DY,5
A1C35JXH7C4ADU,B002I0H1DY,4
A3U32ON23RQ7UX,B002I0H1DY,1
A3N63JWR6JI3V,B002I0H1DY,5
A35XSGKV80CQ4N,B002I0H1DY,5
A2I50RON10LEOW,B002I0H1DY,3
AN8B218WPIWYH,B002I0H1DY,5
A1MN87SEPCXY5H,B002I0H1DY,5
A3LGWQVSYP4UVK,B002I0H1DY,3
AWL59T38YHVWX,B002I0H1DY,5
A243GSGE76TSZH,B002I0H1DY,5
A3MCCOBVXTM5D6,B002I0H1DY,4
ATNKLMBU6BGT3,B002I0H1DY,5
A49HB5J3L04SR,B002I0H1DY,5
A10YQZ4Q4KPV9B,B002I0H1DY,5
A1COHD6P8ASVJI,B002I0H1DY,5
AES15CRBKDDAB,B002I0H1DY,1
A2MCTBSIBDYELL,B002I0H1DY,5
AKLLE6W7SKTKX,B002I0H1DY,5
ANE93KIVSC21S,B002I0H1DY,3
A2KO0YYRZPFNNT,B002I0H1DY,4
A30UHM6OOPVHNA,B002I0JAJ2,5
A26VDJQOMEZ3GN,B002I0JAJ2,5
A2EPYAWX8OG473,B002I0JAJ2,3
A2WPX0EE2DZGYK,B002I0JAJ2,1
A3E028GP8DHQK2,B002I0JAJ2,4
ABNSZMW305TON,B002I0JAJ2,5
A1OFSEYBZZGLIF,B002I0JAJ2,3
ADHKG0TCPNG43,B002I0JAJ2,5
A2UQ7SMLV3NXKS,B002I0JAJ2,3
A3W4FQNVNO06M0,B002I0JAJ2,2
AFIYNGQDGK4TD,B002I0JAJ2,1
A13VY0ZQM7QBAJ,B002I0JAJ2,1
AEZJTA4KDIWY8,B002I0JAJ2,3
A3PZ4AXTY9J1DZ,B002I0JAJ2,3
A15UBF8KCPDDNW,B002I0JAJ2,3
AYYZH8KL2Y6D3,B002I0JAJ2,5
A3JC30J3G0MY9,B002I0JAJ2,1
AHO36V79YNS88,B002I0JAJ2,3
A1BONAS0DQEZMY,B002I0JAJ2,4
AX5CJ7EK7AH22,B002I0JAJ2,5
A29198Z6AT7IAG,B002I0JAJ2,4
A5DZ0E670H0HU,B002I0JAJ2,5
A2PLIC1OHB1TEH,B002I0JAJ2,4
A5Y7WUBMHBT8I,B002I0JAJ2,5
ANRNP9KHVZMTM,B002I0JAJ2,4
A1L0DEUP7Q3LCB,B002I0JAJ2,3
A1Z1NQJUJQ5CRO,B002I0JAJ2,4
A1D696068E7EOU,B002I0JAJ2,1
AJNNNF726KSEA,B002I0JAJ2,3
A3CZ51PEAPD0KD,B002I0JAJ2,4
A16PSZPYG31SWX,B002I0JAJ2,1
A343L5PLZOKVO6,B002I0JAJ2,5
A3PM5VDMCEEWTY,B002I0JAJ2,4
A1HZN717QPIXJH,B002I0JAJ2,5
A2S42FIPJPLJU0,B002I0JAJ2,2
A2Q1RZH5JAWO2B,B002I0JAJ2,5
AFT4I4KKUPEQP,B002I0J82G,5
A26JPPFJ1WLTGY,B002I0J82G,5
A1N386E6Z214D8,B002I0J82G,5
ADVHRYCNV0O5F,B002I0J82G,5
A3QMVI3IQDSD5G,B002I0J82G,5
AKKX99YYBL1UY,B002I0J82G,4
A2OVOYG7YFERWQ,B002I0J82G,4
A37ZQXAKLYAAAQ,B002I0J82G,5
A2GD6F0JBEG5KH,B002I0J82G,3
A1QRSBXRDSASHO,B002I0J82G,5
A1CUZCWANFNWVB,B002I0J82G,2
A3F4HBSBMXGC0S,B002I0J82G,5
A3E9Y6IBUXV41U,B002I0J82G,1
A39O3OJ2EC19JT,B002I0J82G,1
A1H6SBO7R007I8,B002I0J82G,1
A104WER6UUDA2M,B002I0J82G,5
A3XD3EF43QAIL,B002I0J82G,3
A3T4H4FH6L1PZX,B002I0J82G,3
A2SX8PN6ATNHEO,B002I0J82G,5
A3IE1M3QVUKIJN,B002I0J82G,2
A3MR3D8AW6GDIN,B002I0J82G,5
A9ECW8HD5FXGD,B002I0J82G,4
A1HFGH5NF7Y2KO,B002I0J82G,4
A1Z1DI1O6FWC57,B002I0J82G,5
ADI20I187VRE7,B002I0J82G,4
A1K7NGZ339V939,B002I0J82G,5
A2BRXIK11K4DAW,B002I0J82G,5
ANE5J0N68VX67,B002I0J82G,4
A24NHM36GTLOTQ,B002I0J82G,5
A27LD3OXBRUK6H,B002I0J82G,3
AXJ7ODEFGCUTA,B002I0J82G,4
A1AHDO431YOY3A,B002I0J82G,2
A3AF8GQGBCEO73,B002I0J82G,3
A2BR4UZW142W9W,B002I0J82G,5
AJDNENP5PN07J,B002I0J82G,2
A3HLAESZGUFBAV,B002I0J82G,5
A39BZ118DWSSC6,B002I0J82G,4
A2N8B72VXI8CW2,B002I0J82G,5
ARXZKH8HDED5S,B002I0J82G,5
A3V9HR2P3PZ0JE,B002I0J82G,5
A35P22JPPV78UJ,B002I0J82G,5
AEBNA8I3B1VR3,B002I0J82G,5
A2TO3RKAJZP9J2,B002I0J82G,5
A3W30IYME67OZ1,B002I0J82G,4
A1P20EQJ46261K,B002I0J82G,5
A1VM9FJWECY5MP,B002I0J82G,5
A3PLUATOOMTUCM,B002I0J82G,5
A66131KTHRPRR,B002I0J82G,4
A2HV7RYD2T30DD,B002I0J82G,1
AGG3AOLCBVBUS,B002I0J82G,5
A2XUC4V5AFX75S,B002I0J82G,4
A1CR8JGG5P5OB6,B002I0J82G,5
A3IUX3TC0X73TE,B002I0J82G,3
A2BFIYZYNK54QX,B002I0J82G,4
A2IDOKLAT1MP8X,B002I0J82G,3
AY55J49QMLEYA,B002I0J82G,4
A6KVBHAAA7U10,B002I0J82G,4
AW4SW0UXMRHAE,B002I0J82G,4
A2FYX0BC3D214U,B002I0J82G,5
A365Q5VYMO7WPH,B002I0J82G,2
A23SESNRJ2M2NJ,B002I0J82G,4
A1KTL3RGG0Z1DZ,B002I0J82G,5
A1EVL7H98J19LD,B002I0J82G,2
A29GUIQU2C2QWZ,B002I0J82G,1
A8EJA4AMJNO6C,B002I0J82G,2
ASOADU8C6KBFF,B002I0J82G,3
A17NZW4B409M2U,B002I0J82G,2
A3JFMWPNTLJJJD,B002I0J82G,1
AOA98DNOIPBZG,B002I0J82G,2
A3DWBCTJS96F0D,B002I0J82G,4
A22RXF3OX0GX0R,B002I0J82G,3
A2M5LB2BOQB1VL,B002I0J82G,2
A2495GSPMJV5DI,B002I0J82G,4
A38TJNOJEKZOEG,B002I0J82G,5
A1UV6NY7050MW3,B002I0J82G,3
A26PKRMRF54AJ0,B002I0J82G,5
A9J4AP36FBZ9V,B002I0J82G,5
A2Y5XNJIP2085B,B002I0J82G,5
A12NL8N194S6YO,B002I0J82G,3
A1NAIEOE8B59TG,B002I0J82G,5
A15KN6KHTXPEOB,B002I0J82G,1
AHJBQXPBCOU41,B002I0J82G,4
A2CUZZ2TBBSJ7H,B002I0J82G,5
A2HPO3OMTD6N00,B002I0J82G,5
A1FMKCHRNBM0E4,B002I0J82G,5
A91570B9XDDI0,B002I0J82G,1
A3ETDO8R97KK39,B002I0J82G,2
A13WON9OH81ZCM,B002I0J82G,4
A2NDN7ED08JTVT,B002I0J82G,5
ADFLBRY00Y70G,B002I0J82G,3
A1RL028B7L3BC1,B002I0J82G,5
A1LKZ2UBHSKRT,B002I0J82G,5
A31Z7DP1SRTCOI,B002I0J82G,4
A2AIGBTXUN7V5O,B002I0J82G,5
A1U13BU6OUUVXV,B002I0J82G,5
A1GVJE47UPRUNK,B002I0J82G,5
A3HNBLO0KIJVTS,B002I0J82G,3
A3V1A3C9DTLPME,B002I0J82G,5
A1F7NK5WB61KCB,B002I0J82G,1
AUQ40NHWXAYUF,B002I0J82G,5
A303IBWZ0QMZ9Z,B002I0J82G,2
A1AVANVFF4K9E0,B002I0J82G,2
A2CDKNR59EBOKA,B002I0J82G,5
AH9G89XB6BHEN,B002I0J82G,3
A1VO1ZUXG3PDNH,B002I0J82G,5
A10Y20962E8MCM,B002I0J82G,5
A1MQ0MYT3QLWC,B002I0J82G,1
A394C81V05JW2Z,B002I0J82G,5
A2HA1H6ZAGO9B7,B002I0J82G,5
A1N4PW6FTMBUSQ,B002I0J82G,5
A3LOAQX4DVQPCS,B002I0J82G,5
AM2PAP6COUV5J,B002I0J82G,5
A21EJWJOOH0DVA,B002I0J82G,4
A7N2829J6V5RD,B002I0J82G,4
A15PIAQT55GNCA,B002I0J82G,5
APWCOAVILK94B,B002I0J82G,5
A14G61W8DMEEVY,B002I0J82G,5
A2CNSTD6GS5P75,B002I0J82G,4
A21VLEVIU3WI1O,B002I0J82G,2
A3OLGBJ0HVLXRA,B002I0J82G,5
A1E13YT1L06VZY,B002I0J82G,4
A1QG3JF3CN7QFQ,B002I0J82G,5
A2JIBDS7NU574,B002I0J82G,5
AWUZM5SAHTO0Z,B002I0J82G,5
A3CBAO4J7B2AH1,B002I0J82G,5
A1S2AJOKAEC7YN,B002I0J82G,1
A2DSN4VNMYG5RJ,B002I0K3M0,5
A1BHPNNG1ZAHE0,B002I0K3M0,5
ATGHCRAAL3YE5,B002I0K3M0,4
A1NXWJ0UYOMQ8O,B002I0K3M0,5
A2I4O023M7BPOX,B002I0K3M0,4
A3KJLCR9WVIU5R,B002I0K3M0,5
A3PDYHA2GC9AW1,B002I0K3M0,2
A4A06YGM0DS17,B002I0K3M0,4
A42HIT7SJZNJG,B002I0K3M0,5
A2FBBAJDEPFEGG,B002I0K3M0,2
A2OT4VDS8QACNB,B002I0K3M0,5
AGE1D4SEBBB7Q,B002I0K3M0,5
A35GDF23QE6D1X,B002I0K3M0,4
AH7TXPXQVY7BI,B002I0K3M0,1
A1U74I9FWDMGEW,B002I0K3M0,4
A21V09X0R8ZLOE,B002I0K3M0,4
A138OCOYVN8ICU,B002I0K3M0,5
A3V6Z4RCDGRC44,B002I0K3M0,5
A32ZGK4SX98400,B002I0K3M0,5
A1F7XETXDDGRBE,B002I0K3M0,3
A3R1Y85ER0LCRC,B002I0K3M0,1
A2CIU6DW78E8XQ,B002I0K3M0,5
A1QNE83F588I4,B002I0K3M0,4
A1KZMSXC9JOI7Q,B002I0K3M0,3
A281ZPIZMJY8XG,B002I0K3M0,4
AYKOEZFVI4TGP,B002I0K3M0,4
A1MHB1HRR6VPEH,B002I0K3M0,1
AAU5M4X3I03RD,B002I0K3M0,2
A34T5CHT4UUL3Y,B002RWJQ5O,3
A364YUDLT1OJWH,B002V14VOC,4
A34NY4KZAXGRVV,B002V14VOC,4
A26VDJQOMEZ3GN,B002V14VOC,4
A3R0VBQ68Z555I,B002V14VOC,4
A2EICU0QSQ74OX,B002V14VOC,4
ADY901N4FC3ER,B002V14VOC,4
APBOK4TSKLX30,B002V14VOC,4
A26N27LJVQNVI1,B002V14VOC,5
A2FS9L59TD8CYS,B002V14VOC,4
A1FPJF346KEYU2,B002V14VOC,5
A18NCWBIHF6E7Z,B002V14VOC,2
A2LH1PE4DZYB2R,B002V14VOC,4
A1U1V83ZHRI6WJ,B002V14VOC,5
A36FPEHND5CW5P,B002V14VOC,5
A10J471BUE9LL7,B002V14VOC,4
ANBPTSRNY28BY,B002V14VOC,5
AYTOPJ4PLNCTA,B002V14VOC,4
ACUU754AGPOSV,B002V14VOC,3
A1QILTEA49YNPZ,B002V14VOC,4
A2D5QA90MQEFXT,B002V14VOC,3
A26RHSVFH4WF65,B002V14VOC,5
AEI298ZBB6022,B002V14VOC,3
A20C8LDQHZL56C,B002V14VOC,5
AKS8JNEZ9859I,B002V14VOC,2
AS6YGH35JLCPB,B002V14VOC,4
A3443SUQ5KMPL0,B002V14VOC,5
A1TV1DJS11RHMK,B002V14VOC,5
A3DXSB1X858KW7,B002V14VOC,3
A3ORWR9754FAFL,B002V14VOC,2
A7A9WVDCLLJSY,B002V14VOC,5
A1GSF8QT8YKW1G,B002V14VOC,5
AAN5097C2YVL0,B002V14VOC,5
A19U3RW5VR9U4Z,B002V14VOC,2
AX5CJ7EK7AH22,B002V14VOC,5
A3I4TRHT4G8V2D,B002V14VOC,4
A3VAJFVJMB8RI4,B002V14VOC,2
AVYRBFB8LKSZH,B002V14VOC,1
A3BGRXOXDW5T5H,B002V14VOC,5
A1Q45JLC7C0FMK,B002V14VOC,5
A3VSEPJ9258H89,B002V14VOC,1
A23MW5CPLTHSOV,B002V14VOC,4
A9JFFAK4JYBPL,B002V14VOC,3
A2OVSQQCIK55HF,B002V14VOC,4
A1LYN3ZK230TGE,B002V14VOC,4
A3BTBIV6N9BZFR,B002V14VOC,4
AMWWMWF70LLYW,B002V14VOC,5
A13UAIE3K517CQ,B002V14VOC,3
APGISR9VLHGY1,B002V14VOC,4
ABSSWAIOUZ67Y,B002V14VOC,5
A1SZ146MX0801F,B002V14VOC,4
A1WSWGB24SHX9L,B002V14VOC,5
ARRPKR5SYDIO3,B002V14VOC,1
A38LYZ8XVE60IS,B002V14VOC,1
A3FM1ADRN4FMKK,B0030T1UIY,1
A1EPQH2I9AU02F,B00332F1VA,4
A2KVP1EEPTU1V4,B00332F1VA,4
A1CVOF5PCMVHQI,B00332F1VA,3
A1QT50KUJZUGD7,B00332F1VA,4
A169CJ2NJQYIM6,B0037LTTRO,3
A159PYOV61GY9P,B0037LTTRO,4
A3J1T4IGQLKKMB,B0037LTTRO,5
AQHKWJU7YJKUL,B0037LTTRO,2
ANS2OWH7CK1M9,B0037LTTRO,4
A1V7M066XFKFEY,B0037LTTRO,2
ACKE7RAMWLVP7,B0037LTTRO,5
A3B40TOZEXBCDL,B0037LTTRO,4
A1IOTR3KTJHS8R,B0037LTTRO,3
A183Y4RINL91HJ,B0037LTTRO,3
A4G00QB65IQ72,B0037LTTRO,4
A26XRY6HE0VLUC,B0037LTTRO,4
A360QXKTMHPXNS,B0037LTTRO,5
A25Q7AO288ST4G,B0037LTTRO,4
A37P3IV8758KUL,B0037LTTRO,5
A7PCPA11C2WWO,B0037LTTRO,5
A2HG30Z3MMIKMI,B0037LTTRO,5
AVJZTDXQOT7LV,B0037LTTRO,5
AOUEAJC977VGZ,B0037LTTRO,5
A3PR0G4W5IMG9T,B0037LTTRO,5
AHI0LPNCXU70P,B0037LTTRO,5
A1T6XD1LCHBRRA,B0037LTTRO,2
A2218IYQ2S13RT,B0037LTTRO,5
A3PXPQPNJ0X61B,B0037LTTRO,4
AXUO5393RYPP2,B0037LTTRO,4
AI2DKI04BIWB9,B0037LTTRO,4
ANDVZIA4IVJBC,B0037LTTRO,1
A3C8RQQQV7H9CP,B0037LTTRO,4
A201V5V0GLSX57,B0037LTTRO,5
A2G44NES0MQOAC,B0037LTTRO,3
A2Q9CNJ4T6ZK99,B0037LTTRO,4
A2SJ5EMVIEG9HM,B0037LTTRO,3
A1TKDHV7V1QEI7,B0037LTTRO,4
AQ0KPAX7QXHE7,B0037LTTRO,4
A1RQHKZY4DHEJY,B0037LTTRO,3
APHHB2I3CGNJE,B0037LTTRO,5
ALTD3G36MJTGO,B0037LTTRO,5
A27PPRSOP91J1B,B0037LTTRO,4
A2P3IODT8AS365,B0037LTTRO,4
A1CF6TMGON7WNB,B0037LTTRO,5
A2XT8C2ASRLF2M,B0037LTTRO,1
A16ML7RAVORR8X,B0037LTTRO,4
A288FM9SUX0CEX,B0037LTTRO,5
A177MM97DQSB99,B003B3V0MA,5
A20JT0PEIB7S3X,B003ICGL7I,1
A2JZD09DKQ0SXI,B003ICGL7I,2
A2H1UKS9Q4DC59,B003ICGL7I,4
A2WPX0EE2DZGYK,B003ICGL7I,2
A1Q8X2E8DLCH1Y,B003ICGL7I,1
A257J406T8V8BB,B003ICGL7I,1
A2Y5LW794G4Y9A,B003ICGL7I,5
A32JGNK1JNUSST,B003ICGL7I,3
A2L3KXEG4RP7IE,B003ICGL7I,4
ALIZ13E04IN5D,B003ICGL7I,3
AQBOAWOPNTLMG,B003ICGL7I,3
AVVIJ7EBPS4EI,B003ICGL7I,1
A1MN9SIP6DB1DX,B003ICGL7I,4
AKFK9B6UKA3HT,B003ICGL7I,2
A2VP2NGWS1NLU6,B003ICGL7I,1
A3FP4EJGRZRDJR,B003ICGL7I,5
A1QILTEA49YNPZ,B003ICGL7I,1
A2C7O4GVUBZ62,B003ICGL7I,4
AFIYNGQDGK4TD,B003ICGL7I,3
A2AU2OVD6VT49Z,B003ICGL7I,4
A2O6HZ2B9YSRXR,B003ICGL7I,3
A11A9AVEM5EVU4,B003ICGL7I,1
A275XJ84J024SU,B003ICGL7I,4
ARGPYJT7X4YKF,B003ICGL7I,5
A16Z9RAS2U5JVT,B003ICGL7I,5
A37I9P028LY6VC,B003ICGL7I,4
A3V6Z4RCDGRC44,B003ICGL7I,3
A13Y9AASBML1FT,B003ICGL7I,5
A2BEKQ2A4D6IG2,B003ICGL7I,3
A30RTL1TBN0VZP,B003ICGL7I,3
A2KMTCDJNWOR7I,B003ICGL7I,1
A16WKPOSEGQC3Y,B003ICGL7I,2
A8RGWWCC1PVMQ,B003ICGL7I,4
A3BTBIV6N9BZFR,B003ICGL7I,1
A2WLDEORTNRY0D,B003ICGL7I,1
A13UAIE3K517CQ,B003ICGL7I,3
A2V27POJVB74WB,B003ICGL7I,3
A3CZ51PEAPD0KD,B003ICGL7I,4
A1ZNY4H5FOKQD4,B003ICGL7I,1
A2QC6RHD6VJJ34,B003ICGL7I,5
A1HZN717QPIXJH,B003ICGL7I,2
A358CBXDEJYBCG,B003ICGL7I,4
ABSSWAIOUZ67Y,B003ICGL7I,1
A6N8YJNAGKS50,B003ICGL7I,4
A26JPPFJ1WLTGY,B003JVKHEQ,5
A3958SRZFG5W82,B003JVKHEQ,5
A3K6Y1USLHBF83,B003JVKHEQ,3
AW0GEWXD1KL0B,B003JVKHEQ,3
A3IQ6AYVH2818P,B003JVKHEQ,5
AQUVTQFFXP4AC,B003JVKHEQ,2
A1H0MQL1BPXL2L,B003JVKHEQ,5
AF7X911US2MRA,B003JVKHEQ,5
A35S0YEC09W940,B003JVKHEQ,3
A14W1FNYKW8PB4,B003JVKHEQ,4
A20M0QEPPYILB8,B003JVKHEQ,1
A30WMDSPCGDQ8M,B003JVKHEQ,5
A3T4H4FH6L1PZX,B003JVKHEQ,5
A355YWQ2CWZTZ3,B003JVKHEQ,5
A2VVICJAQ1UQ5F,B003JVKHEQ,5
A1GRBUI69G22RX,B003JVKHEQ,5
A30KNYK8TKVYME,B003JVKHEQ,5
A3C1T23UR0O9RM,B003JVKHEQ,4
A2HXBTVNQA7OSY,B003JVKHEQ,3
A1PBJI0UM664DN,B003JVKHEQ,5
A2HR865RGPFXN1,B003JVKHEQ,5
A2YJD62RN343LC,B003JVKHEQ,5
A3A70SQMZ35JAW,B003JVKHEQ,5
A1AOPHBCL7X8YB,B003JVKHEQ,5
A3BXZ5WUC5C22Y,B003JVKHEQ,5
AZKLMODAJ0UWC,B003JVKHEQ,5
A1HWJ67HTSHUK,B003JVKHEQ,3
A1CDTEAJ1R338G,B003JVKHEQ,4
A3TEP6U427LK9Z,B003JVKHEQ,5
A1WFGS1V6LJGG6,B003JVKHEQ,5
A2YUZ5QOWCW612,B003JVKHEQ,2
A2QSC9US12F2GH,B003JVKHEQ,2
A13O1YCZCYT76I,B003JVKHEQ,4
A2UJQOWLWJKAF8,B003JVKHEQ,4
ACTC3S0J1PGOK,B003JVKHEQ,5
A2S461HX8XCVRK,B003JVKHEQ,4
A8IXEE1XQ3OEX,B003JVKHEQ,5
AOGQFSCJW7Z5L,B003JVKHEQ,5
AGR8ZLY7RIC2G,B003JVKHEQ,4
A2TIGM5XY4VHYD,B003JVKHEQ,5
A28LKR66GCU3WM,B003JVKHEQ,5
A9PQ4LL82MTP9,B003JVKHEQ,5
A4UR58RJ1S5SE,B003JVKHEQ,2
A2FBD3A4TBXMBG,B003JVKHEQ,4
AZM4QN9IYR1WN,B003JVKHEQ,4
A2O6FNFP7Z71XG,B003JVKHEQ,4
A1C130R0UWCMCC,B003JVKHEQ,5
A3MS3IKEJQYTY0,B003JVKHEQ,5
A23F5V0BB9197Z,B003JVKHEQ,5
A2NUHWMHA9XNKV,B003JVKHEQ,4
A3EDQW1A4S74T6,B003JVKHEQ,5
A2T7WZRSWD533R,B003JVKHEQ,5
A3V6Z4RCDGRC44,B003JVKHEQ,4
A37WBKCEF2FRJL,B003JVKHEQ,5
A20IODXCIIE4PO,B003JVKHEQ,2
A17RNV8G9Y9Z3W,B003JVKHEQ,4
AO9KIXPS4KCDF,B003JVKHEQ,4
A16SXPPD0OA9GK,B003JVKHEQ,2
A27DNSEA1L04L2,B003JVKHEQ,3
A2XWHRHI0BIEO8,B003JVKHEQ,5
A1RL028B7L3BC1,B003JVKHEQ,4
A2KMTCDJNWOR7I,B003JVKHEQ,5
A2IXAXF3T5LR8,B003JVKHEQ,5
A2JV0XLYWRUCGJ,B003JVKHEQ,4
A19E5QPDOOSQ1M,B003JVKHEQ,5
A363JQMCE7A1SE,B003JVKHEQ,5
A10J6K3LQ4EY2W,B003JVKHEQ,5
A1I9Z7BQW5ZD0S,B003JVKHEQ,2
A2ZT6C7X6A07KP,B003JVKHEQ,2
A2PLW2M7R4BPXI,B003JVKHEQ,5
ARTLDZZ72PL8O,B003JVKHEQ,5
A20WRRHXRVMM4Q,B003JVKHEQ,5
A26WOZYGYYYN3J,B003JVKHEQ,5
A2DRPL4GAZ0PAI,B003JVKHEQ,2
A3ES8MDZQQPHXX,B003JVKHEQ,4
ASV5VNH53VRU,B003JVKHEQ,5
A39C34NKIELF1S,B003JVKHEQ,4
A2I5NVT7IWQ51Z,B003JVKHEQ,3
A1A9E5QDQZVWFS,B003JVKHEQ,5
A11JEFCFYWYV4W,B003JVKHEQ,4
AOKJGTDGOZJNW,B003JVKHEQ,5
AJ19OA1TJC9RO,B003JVKHEQ,5
A28XXRZ4TLG7W1,B003JVKHEQ,5
A3VMFG8EQBZGHK,B003JVKHEQ,1
ALTD3G36MJTGO,B003JVKHEQ,5
AVAYPIMDXYNRF,B003JVKHEQ,4
A2WM817PG9TO92,B003JVKHEQ,3
A31JC6RV4951A0,B003JVKHEQ,4
AX7ECYFGT3WO1,B003JVKHEQ,3
A3U8G64E3HU4P2,B003JVKHEQ,2
A2L8FG3KG6H5SG,B003JVKHEQ,5
A1M51UYWPQ4NKZ,B003JVKHEQ,2
A29MS2MNTP6GX7,B003JVKHEQ,5
A3QOA3TZZP669V,B003JVKHEQ,4
A2V4J2Q1RWI7ZE,B003O3EFY2,2
A1A05DMIV6RGP,B003O3EFY2,1
A3VBAU6ZXIQMQ2,B003O3EFY2,5
A34GCOLPTQS9Z1,B003O3EFY2,3
A2M7K396C9343M,B003O3EFY2,4
A309K9I50AISC9,B003O3EFY2,2
AVHF8MWAUTKYZ,B003O3EFY2,5
A31ARER1KVHZB,B003O3EFY2,5
A2KH3N85FJOL9M,B003O3EFY2,4
A1THOMIVCGV5EY,B003O3EFY2,3
A2IKA7KVW5FEAC,B003O3EFY2,1
A3H9BO5UJRJAO0,B003O3EFY2,5
AUQ253JAMFTRD,B003O3EFY2,5
AFDJUIJUX1VIR,B003O3EFY2,1
A22G6N3HZRZ5VZ,B003O3EFY2,4
AAXNS3WFYT4B1,B003O3EFY2,5
A1BTKVXK7M09UR,B003O3EFY2,3
A8DK6D1EN8DOK,B003O3EFY2,5
A3JWFRMWFV9NS6,B003O3EFY2,5
A1MKSL5D69BHU6,B003O3EFY2,2
AM7Q5M3W8CZMM,B003O3EFY2,4
A1MTLOYWIOIX99,B003O3EFY2,4
A1IOXFDU2MGDDT,B003O3EFY2,4
ATERO6UNKMBXK,B003OPX802,5
A6BGYS9Y01X7W,B003OPX802,5
A2Q62JDZ8AHV6A,B003OPX802,4
A1KTL3RGG0Z1DZ,B003OPX802,3
AXNQ2SW2AEFH9,B003OPX802,5
A39HDYD1BJ1KRY,B003OPX802,5
A3F3L47NIJR0W0,B003OPX802,5
A2CZDT27T36DBB,B003OPX802,1
A3GKJYVADM7NGF,B003OPX802,5
A23UF61GQ97KKU,B003OPX802,4
A35GK4BU9HN95I,B003OPX802,4
A2K4GCBK4B6ZDI,B003OPX802,4
A20L63B48RPSOH,B003OPX802,4
A32BCTL0HLOXRV,B003V63V1U,5
A25Y5ZHHTYO9N4,B003V63V1U,5
AL2O1HC87MV1H,B003V63V1U,4
A9CBIYEOIRAXZ,B003V63V1U,3
A2SF3BCLD2CSKT,B003WUZM4E,5
A1ZZ6I6N3W94P8,B00432O4VM,4
A2IMVILGSSEYGP,B00432O4VM,5
AKFDBGAP4IWT4,B00432O4VM,3
A2WQ0T6RWMDFOI,B00432O4VM,5
A377GACOS4ROY,B00432O4VM,5
A29OF637E06TZ4,B00432O4VM,5
A3CYN2VQB3MNWX,B00432O4VM,4
A2MH3DZM67XD67,B00432O4VM,5
A1IAJTQ0PAHUQI,B00432O4VM,2
A1PIFJR3AJ36IP,B00432O4VM,5
AU4HL7JWM5X34,B00432O4VM,2
ADPEAVHFCNLLC,B00432O4VM,4
A12XRMMPDPUPKH,B00432O4VM,4
A3MTGH9YBS0UHQ,B00432O4VM,5
A24DBUIAWDQXA2,B00432O4VM,5
AJLRNYTF58S09,B0045ZB66I,2
A1U8EMDWB4K6AT,B0045ZB66I,5
A1IAQOSPATLKWO,B0045ZB66I,5
A39K965K0XIG8J,B0045ZB66I,3
A1U554UZF2PS93,B0045ZB66I,1
A1SZOHSO795GHM,B0045ZB66I,1
A2VVCH3IPIZGTW,B0045ZB66I,5
A3KKADE1AG5XS5,B0045ZB66I,5
A1B4E6LYWTQYM2,B0045ZB66I,5
A1QW98IOEVQPTU,B0045ZB66I,4
AGXIND08WDJEO,B0045ZB66I,5
A3W2QV51INZP7M,B0045ZB66I,5
A25K0RTR35BA3K,B0045ZB66I,5
A3M0OR0R5NYR85,B0045ZB66I,3
A2LHYAN8LRP8KZ,B0045ZB66I,5
A3OXO3JWT2ILRC,B0045ZB66I,4
ABAHKMFEHT8K1,B0045ZB66I,5
ASFH36SCMNQCW,B0045ZB66I,5
A3H8ZDEBC87CH6,B0045ZB66I,5
A1MTYRKP9XTB8C,B0045ZB66I,5
AXT8TRG5X6E5I,B0045ZB66I,5
A3IUX3TC0X73TE,B0045ZB66I,5
A1YM6DPMXYQ705,B0045ZB66I,1
A39S0OICXLN1WP,B0045ZB66I,3
A1NJZRLOA9SOIW,B0045ZB66I,5
APW6CMKFZV06I,B0045ZB66I,4
A379WGF0PER5LP,B0045ZB66I,4
A1XFBG32DZIN1N,B0045ZB66I,1
A23KZK7EEC93UT,B0045ZB66I,5
A10DWGX7ZBM7EQ,B0045ZB66I,5
A1POB7XZC9BJ15,B0045ZB66I,3
A239YZYK98RUKG,B0045ZB66I,5
A5ING0XDKXE5C,B0045ZB66I,5
A2Z5IUIPKV3G4M,B0045ZB66I,5
A15LIURAJS5FLP,B0045ZB66I,3
A1C37KKSUJWH0H,B0045ZB66I,5
A1FST8NVFWYFTZ,B0045ZB66I,5
AQLM2XE9UEBAU,B0045ZB66I,3
A37VPF3JIWMXIJ,B0045ZB66I,1
A3DX7UXJZUF8C4,B0045ZB66I,5
A2YJ1K8M0KPHMF,B0045ZB66I,3
A1FR7LBYHPBJLL,B0045ZB66I,4
AQSMM1Z9BEOYT,B0045ZB66I,5
ADPWDOHEQPNEA,B0045ZB66I,1
A3GK8FW7056P1N,B0045ZB66I,3
A18UVROHW2QGG3,B0045ZB66I,4
A1163FVA9UBMCS,B0047THYWC,1
A1P4KUKN2UUEQU,B0047THYWC,1
A1U8EMDWB4K6AT,B0047THYWC,5
AAUTM27RPDHFP,B0047THYWC,3
A1ACYRW6LFIMVQ,B0047THYWC,3
A2U83VDVJMAB2U,B0047THYWC,3
A1I8YIJPHIKVSI,B0047THYWC,4
AGXIND08WDJEO,B0047THYWC,4
A3W2QV51INZP7M,B0047THYWC,3
A1THAS6M64YVLC,B0047THYWC,4
A2SZQQB6A3NR5L,B0047THYWC,4
A10J471BUE9LL7,B0047THYWC,3
A2LHYAN8LRP8KZ,B0047THYWC,4
ANQUC4ZM40ZU9,B0047THYWC,4
A38CEL1TDGBPWX,B0047THYWC,1
A2UTLOF5A2OTLT,B0047THYWC,2
A1MTYRKP9XTB8C,B0047THYWC,5
A1CSBGMOLVPL2S,B0047THYWC,5
A1L7FA03KKDKUG,B0047THYWC,3
A2R1CP3XWVQCI8,B0047THYWC,3
A11A9AVEM5EVU4,B0047THYWC,1
A3DXRN8UPJ6W2N,B0047THYWC,4
A2FZXIA25GIAJS,B0047THYWC,1
A1KGKPWWG61U42,B0047THYWC,3
A18FS100RYSK39,B0047THYWC,1
A2Q0ARIYNP9XZS,B0047THYWC,4
AJR0DBXO3Q0OB,B0047THYWC,4
A3JNSCHJX2FALY,B0047THYWC,5
A1FST8NVFWYFTZ,B0047THYWC,4
A35GDBAIYR88MT,B0047THYWC,1
A1576HHQLZE2OT,B0047THYWC,2
A3CZ51PEAPD0KD,B0047THYWC,2
A37VPF3JIWMXIJ,B0047THYWC,3
A2U98UT4O1Y04D,B0047THYWC,1
A1EDBVK8ZSD0OB,B0047THYWC,2
A219WFI4NFP6D8,B004FS8LYK,4
A1E5707WYIHXHI,B004FS8LYK,5
A1TUZL12O7X1A9,B004FS8LYK,5
A34NY4KZAXGRVV,B004FS8LYK,5
A7Q5OECQBQA6F,B004FS8LYK,5
AFNG8O2DXRCUV,B004FS8LYK,5
A31RWMB7Z6MWCX,B004FS8LYK,5
AQXUZJ7SMZWY2,B004FS8LYK,5
A328RC4M3JYGPX,B004FS8LYK,5
A2EPYAWX8OG473,B004FS8LYK,5
A1KNBACD4DHAL7,B004FS8LYK,5
A34E0F95QU36SG,B004FS8LYK,5
A1X1C7OE77PGN7,B004FS8LYK,5
A3NQBLV5BZ71HG,B004FS8LYK,5
A2PPB7OKTZA87Z,B004FS8LYK,5
A33WWJXZVG26WU,B004FS8LYK,4
A3EKA369A9C9PZ,B004FS8LYK,5
A12BRJGWWPDI9P,B004FS8LYK,4
A2VCC9UVM30151,B004FS8LYK,5
A1PB2F0U6WDZUE,B004FS8LYK,5
A3191FPO3I7RX7,B004FS8LYK,5
A1MEISNED4NP7U,B004FS8LYK,5
A1CJVQ22O3LGHL,B004FS8LYK,5
A7472ORITX91P,B004FS8LYK,5
A30CJA09ZUUBJ4,B004FS8LYK,2
A2N6K4RFSPY2GV,B004FS8LYK,5
A1XM302GQAWYG,B004FS8LYK,5
AFPVTHE4XOS3O,B004FS8LYK,1
A33TI3SYTQRAZR,B004FS8LYK,5
APFEQMTX550NE,B004FS8LYK,5
A1RQPIVASVK0RY,B004FS8LYK,5
A1VIZFPC5FDDI5,B004FS8LYK,5
AOZLM9VRG56FZ,B004FS8LYK,5
A310CAK2O530KJ,B004FS8LYK,4
A782OFUXYJ5N5,B004FS8LYK,5
AN17U54FGNSSW,B004FS8LYK,5
ACPU82NOA3NE3,B004FS8LYK,4
A2VGZTGW1XHFTI,B004FS8LYK,5
AXJ7ODEFGCUTA,B004FS8LYK,2
A22VIT2X2ONSX2,B004FS8LYK,4
A1MRL66BXLXD1A,B004FS8LYK,5
A30HBMNDEYK15F,B004FS8LYK,5
ALRQ7LFFEQ7Z,B004FS8LYK,5
A1EYPHG1ASDZDE,B004FS8LYK,5
AXYF03KMBXEED,B004FS8LYK,5
A3ME34I66ZV39N,B004FS8LYK,3
A112PIB6EGUDYZ,B004FS8LYK,4
A3574Z2PG6S59K,B004FS8LYK,5
A2Y04G0YUIFVM8,B004FS8LYK,5
A156X4K26VVDUG,B004FS8LYK,5
A1ICREREXO9J81,B004FS8LYK,5
A1U6XPYATU9OPG,B004FS8LYK,4
A2Z2DFFCHF8K5U,B004FS8LYK,5
A3SLVV9YGGQO3O,B004FS8LYK,5
A2JB3U70NTYSOD,B004FS8LYK,5
AGC75EPFB7CYD,B004FS8LYK,4
ASREZFXN55U2R,B004FS8LYK,5
A1QMNQAXM75KJC,B004FS8LYK,4
AO2NWO6U1MHCE,B004FS8LYK,5
A27F5P9FS5BFNB,B004FS8LYK,5
A1S0JX45650UMY,B004FS8LYK,5
AKMR936JBM2KX,B004FS8LYK,5
A2IBUKTUD2TJT6,B004FS8LYK,5
A2FEA2CFSWWGRV,B004FS8LYK,5
A1J0N4WY7ZT790,B004FS8LYK,5
A9U6356H5V30U,B004FS8LYK,5
A2MUBE1U9Q6Z5Y,B004FS8LYK,5
A5LYCROZZUJNC,B004FS8LYK,4
A1IBL59TBI2F26,B004FS8LYK,5
A33EJKJERELJ1J,B004FS8LYK,3
A2AQCWPN22ABDY,B004FS8LYK,5
A1CUZ2XC4LVLZ5,B004FS8LYK,5
A1Y4I60II3E0KE,B004FS8LYK,5
A8WQ16OTORRHV,B004FS8LYK,4
A3F8T3BRXRX5P3,B004FS8LYK,4
A2I5DEBFRG8T8D,B004FS8LYK,4
AX4L6DVN3E0XX,B004FS8LYK,5
A1VL5O955BYRJK,B004FS8LYK,5
A2ZOGZ604O4CI2,B004FS8LYK,5
A3L8ANRC1XYH8E,B004FS8LYK,5
A243GSGE76TSZH,B004FS8LYK,5
A1GX2G8RMCZQEK,B004FS8LYK,5
A3QI63WBTTCNG6,B004FS8LYK,5
A3KAFY18NGZZWO,B004FS8LYK,5
A2APIVA9LCG8I5,B004FS8LYK,5
A2CJ8K5I8TTP8M,B004FS8LYK,5
A2OYLBRHH42KWR,B004FS8LYK,4
AKXXJOLAHBROF,B004FS8LYK,5
A1TCMZLBHXJU4,B004FS8LYK,5
ADFLBRY00Y70G,B004FS8LYK,4
A1RK1JZB2U8HMW,B004FS8LYK,5
A3FI0LAIVZB6RX,B004FS8LYK,5
A10YQZ4Q4KPV9B,B004FS8LYK,5
A3E6OMMFJSGOC2,B004FS8LYK,5
A3H1K34ZMLG4K3,B004FS8LYK,5
ADLDCTYS4ZFA4,B004FS8LYK,5
A3TB0GGMKD40CN,B004FS8LYK,2
ADHY89E9FS8PB,B004FS8LYK,5
ATUWA2WZG2VNC,B004FS8LYK,5
AY3JBBASW2JB8,B004FS8LYK,5
A2UT5AJSFF570V,B004FS8LYK,5
A2RS64JQV7W7NI,B004FS8LYK,5
A2UEXA5EDWF0F4,B004FS8LYK,5
A22HKEBLKHT9G0,B004FS8LYK,5
A1OAG9KHBID2N9,B004FS8LYK,1
AA6K1PDOE130V,B004FS8LYK,5
A1I4QMTVPASKE1,B004FS8LYK,5
A71M95S8YGYEG,B004FS8LYK,5
A2O3MV8J3R44AD,B004FS8LYK,5
A2TEHNWBZ3QFAF,B004FS8LYK,4
AF8DGAR6W1FLX,B004FS8LYK,5
AA3MVK6EDWIHF,B004FS8LYK,5
A3J33YFFXOEVAY,B004FS8LYK,5
A17FICG6PERVRI,B004FS8LYK,5
A2Z73SUIBJ0FVR,B004FS8LYK,5
AZ1NSCXQKRGUH,B004FS8LYK,5
A3I8FT707XKQAJ,B004FS8LYK,5
A345B7IXC29H6U,B004FS8LYK,5
A317160JRTMB57,B004FS8LYK,5
A15U64VGUV6RBF,B004FS8LYK,5
A3TM6AZAORTGMH,B004FS8LYK,3
A3V9IEXG18F4QO,B004FS8LYK,5
A3FZ7GFTUV2C6G,B004FS8LYK,5
A2J64XRKPRNA7E,B004FS8LYK,1
A2NANFPZKJHZ8L,B004FS8LYK,5
A2OFBKHA6C6BUK,B004FS8LYK,4
AC0QNBQB1V5CG,B004FS8LYK,5
A16RBG0WLYPMFT,B004FS8LYK,5
A1RIJ1VWLE0L3N,B004FS8LYK,5
A7N2829J6V5RD,B004FS8LYK,5
A1MHB1HRR6VPEH,B004FS8LYK,5
A3J05NLOCEO117,B004FS8LYK,5
A2MCP2MTSKON9O,B004FS8LYK,4
A3ROV2UYKLJTI5,B004FS8LYK,3
ABE99DFCUO7JI,B004FS8LYK,5
A2U2GB0JBGYISK,B004FS8LYK,4
A18JPN9WD6V98F,B004FS8LYK,5
A1C139F5C7Y38P,B004FS8LYK,4
APHUFGHX4GISI,B004FS8LYK,5
A2BXDSKPMF2KR,B004FS8LYK,5
A3EPCX4M6IKD85,B004FS8LYK,5
A29KRY6FJIAGPK,B004FS8LYK,5
AQSMM1Z9BEOYT,B004FS8LYK,5
ADZIJQN6MNRAB,B004FS8LYK,5
A11YP2JXIQNJCU,B004FS8LYK,3
A2KQ97V6YSYK3K,B004FS8LYK,5
A2KKAPUHEDXAL4,B004FS8LYK,5
A3MZEFV4NR790P,B004FS8LYK,4
A169CJ2NJQYIM6,B004FYEZMQ,3
A1X6YJ3Z3VAVY3,B004FYEZMQ,5
A1163FVA9UBMCS,B004FYEZMQ,2
A1V7LET8HJ8OQM,B004FYEZMQ,4
AZEMV7Z9YDR79,B004FYEZMQ,5
A1SS5T4D0Q8K0O,B004FYEZMQ,4
A3I7FWE125WB8T,B004FYEZMQ,3
A1RR6SRZ8LWFVN,B004FYEZMQ,3
A37LMYI6J77I87,B004FYEZMQ,5
AIZS7SM0PTT2B,B004FYEZMQ,5
AQUVTQFFXP4AC,B004FYEZMQ,4
A1DJRTRIAVCGWT,B004FYEZMQ,5
A28QX8YTWTJURV,B004FYEZMQ,4
AJJM9NHAGU0HV,B004FYEZMQ,1
A3E83GTCA7W3YL,B004FYEZMQ,4
AWVCQU7QKVPXD,B004FYEZMQ,1
AFM65NU0UXIGP,B004FYEZMQ,5
A7KMG1KPELYHR,B004FYEZMQ,5
A6DGAIQD7ULB6,B004FYEZMQ,1
A2JSI15KANO2LI,B004FYEZMQ,1
A3P974GJZFHS8D,B004FYEZMQ,4
A193WQPYX7JKME,B004FYEZMQ,5
A1NYZKHQM6ZUQQ,B004FYEZMQ,1
AJ2E4BOISAEC3,B004FYEZMQ,5
A2TRG6417T7VBM,B004FYEZMQ,1
A3SFXL2C7VGH7W,B004FYEZMQ,4
AGQK3MKEUH5FV,B004FYEZMQ,1
AJRQ0S9QNFR1Q,B004FYEZMQ,1
A1CZT2GDDO4GC1,B004FYEZMQ,1
ANZ2TQZPNB5KL,B004FYEZMQ,5
A1M4QXPC2UZ09P,B004FYEZMQ,5
A2SKYPCF3RH7E4,B004FYEZMQ,5
A9MTNZTIVBQ4W,B004FYEZMQ,5
A2IW9YT5VZAQ52,B004FYEZMQ,5
A3RHIILT6SSOXP,B004FYEZMQ,4
A3J5HOGI3FDF7A,B004FYEZMQ,4
A309N4ZMKQZIVT,B004FYEZMQ,5
A2FXBWR4T4OFQ,B004FYEZMQ,3
A1JGSUX59ZTWYE,B004FYEZMQ,4
A10X7ZVF00S75D,B004FYEZMQ,1
A3DI3261LBFACQ,B004FYEZMQ,4
A1PBJI0UM664DN,B004FYEZMQ,5
A2XI1KC600XL5,B004FYEZMQ,1
A3GZOY9645GDS2,B004FYEZMQ,1
AM3PBGE3QGD4A,B004FYEZMQ,2
A1W0BHGFI2PRMK,B004FYEZMQ,5
A2MUSVT9R2F9WR,B004FYEZMQ,5
A10Z3FTSP8X91M,B004FYEZMQ,5
A2JVK46EUQ6NOX,B004FYEZMQ,5
A3N6JXZRLDLMRJ,B004FYEZMQ,5
A29SD9JYXW8PZ3,B004FYEZMQ,4
A2IXIL77D51CAZ,B004FYEZMQ,2
A19FWZXTGX663T,B004FYEZMQ,1
A2VFRKKLKXUQOL,B004FYEZMQ,3
A2E8TG1L6HXGLC,B004FYEZMQ,3
A1Y4O8B4X9K8G1,B004FYEZMQ,5
A1B5FQEUF6219X,B004FYEZMQ,5
A3SCUM7S6L06GE,B004FYEZMQ,2
A3F18SDKBDF2WR,B004FYEZMQ,4
A9QZGSWH9MW0W,B004FYEZMQ,4
A3PGRJCO6GEKDY,B004FYEZMQ,5
A3JXBZ8F65100O,B004FYEZMQ,5
A1LIK3ZEJ244X8,B004FYEZMQ,4
ADPO47BIPB02U,B004FYEZMQ,4
A41TJH99UZPHO,B004FYEZMQ,5
AA9TDMJMO0C4W,B004FYEZMQ,1
A1MF2I9ZY394EH,B004FYEZMQ,1
AWKQ8LFSXZ737,B004FYEZMQ,4
AZFBJPNG5USEL,B004FYEZMQ,1
A1RNHA547OBQEZ,B004FYEZMQ,3
A360Z7AKOTB90R,B004FYEZMQ,4
A13O1YCZCYT76I,B004FYEZMQ,5
AM7VES8G687F8,B004FYEZMQ,5
A1ZE1LPZHGG1QP,B004FYEZMQ,4
A1OFBOGSYTGOTI,B004FYEZMQ,1
A12EQIULBHM4HJ,B004FYEZMQ,1
A2615K4AJSX078,B004FYEZMQ,3
A2B5G0HOXSVV5N,B004FYEZMQ,1
A2LJ1ZR2MOFS5N,B004FYEZMQ,1
AVLS94BJPQDZ7,B004FYEZMQ,2
A2NK8LE3T7H1D7,B004FYEZMQ,4
AV56CQTOGFTCJ,B004FYEZMQ,4
A3FNF36SELJ49S,B004FYEZMQ,3
A33OBBXZKXOI10,B004FYEZMQ,1
AAPZ1OVFQQIDO,B004FYEZMQ,5
A2BFIYZYNK54QX,B004FYEZMQ,5
A2TPH171QFO6ZH,B004FYEZMQ,3
A1L1E1097O144X,B004FYEZMQ,4
A2L6U5WGJFRT6R,B004FYEZMQ,4
A12G8WFVFU2RGO,B004FYEZMQ,2
A2MHCZISNWHQFR,B004FYEZMQ,4
A2HHFI2F16CAE7,B004FYEZMQ,5
AG3PW23KQ26ED,B004FYEZMQ,1
A3U38FRIA3Q73M,B004FYEZMQ,5
A3MHXHB5547FI7,B004FYEZMQ,5
A1GJKUKOE0G630,B004FYEZMQ,4
AL69NTRAF5X5P,B004FYEZMQ,5
A2HIF212T6HEWU,B004FYEZMQ,1
A3GZZ7O20BZQ94,B004FYEZMQ,4
A8UXDT0ERREM4,B004FYEZMQ,1
A5PQRM0MPGY96,B004FYEZMQ,4
A2TWRKMWPPNKVB,B004FYEZMQ,1
ACRZFP2HE4IJ3,B004FYEZMQ,4
A219DGT9CE2NL8,B004FYEZMQ,5
ABSYIF0ONC2AF,B004FYEZMQ,2
A2D49E9G59GANE,B004FYEZMQ,5
AQOFQWJYJRA5W,B004FYEZMQ,3
A2TZF646VY84RC,B004FYEZMQ,5
A3V6Z4RCDGRC44,B004FYEZMQ,2
A12NL8N194S6YO,B004FYEZMQ,3
A3LPK7GWVFT3PA,B004FYEZMQ,5
A24VVEP0P6ZF5I,B004FYEZMQ,5
A3F3EH7LFAXMNP,B004FYEZMQ,2
A27T4GQH6KU1UW,B004FYEZMQ,5
A1I350XIZ3Y7RT,B004FYEZMQ,1
A11SJ0KEGU8C0K,B004FYEZMQ,5
A3PLQGUMHYPKKF,B004FYEZMQ,1
ANVUG2KNXC144,B004FYEZMQ,5
A3QE39RF7W5QZB,B004FYEZMQ,1
A1V4JMX16M3JNE,B004FYEZMQ,5
A16PFD8QVFOQMG,B004FYEZMQ,1
A2TLDKIAETB0R4,B004FYEZMQ,5
AC6LV5D2RKTIR,B004FYEZMQ,1
A35VJC424AGADX,B004FYEZMQ,1
A1WXNBP36RE8YB,B004FYEZMQ,5
A1RL028B7L3BC1,B004FYEZMQ,1
AADUZL9EYDTVB,B004FYEZMQ,5
A5976DS029XE0,B004FYEZMQ,4
AJV77ZZSCXX7I,B004FYEZMQ,3
AVW4XY3KHZGCU,B004FYEZMQ,3
A1DNY0KUX9J8JC,B004FYEZMQ,4
AWLIA2WF36I5T,B004FYEZMQ,4
A112CW389PJDA3,B004FYEZMQ,1
A1ZKT2WP8D67CO,B004FYEZMQ,4
A9BTJR6VA6K3I,B004FYEZMQ,1
A3MZKNG9WMZ3O4,B004FYEZMQ,4
A3BW0UW0WSJD2V,B004FYEZMQ,5
A1UFY2YWV81UZB,B004FYEZMQ,5
A26USWZFF5V3T6,B004FYEZMQ,4
A20P9Y93BPDAR2,B004FYEZMQ,1
ADPEAVHFCNLLC,B004FYEZMQ,4
A1JU5Q415NNTRP,B004FYEZMQ,5
A3FY350Q19GO3H,B004FYEZMQ,4
A25NSTXNN16KG8,B004FYEZMQ,5
A3LGT6UZL99IW1,B004FYEZMQ,4
A2KM81NLZT058I,B004FYEZMQ,5
A2J2BF8PK0U1U7,B004FYEZMQ,5
A2BXZM08OG625Z,B004FYEZMQ,2
A2UPDLK21I3TGJ,B004FYEZMQ,5
A30WJZ21W52X2Q,B004FYEZMQ,1
A39C34NKIELF1S,B004FYEZMQ,5
A1DUTU757O0QY5,B004FYEZMQ,1
A1TKDHV7V1QEI7,B004FYEZMQ,4
AQ0FALV6HYJRQ,B004FYEZMQ,2
A1MW3DVX0STWK6,B004FYEZMQ,1
A3NWDVRYFBV72W,B004FYEZMQ,5
A3K1E76NL2E8L0,B004FYEZMQ,1
AGX8B6IKN52S5,B004FYEZMQ,1
A2U6A9KZ9IR5VJ,B004FYEZMQ,1
A2QSGC4GO7G1X1,B004FYEZMQ,5
A3LBFWWQGQYV48,B004FYEZMQ,5
A2YJ1K8M0KPHMF,B004FYEZMQ,3
A2GBS30BHAC6QF,B004FYEZMQ,3
A36NMKDOIYOLC3,B004FYEZMQ,5
A1COIOH3QLUSX,B004FYEZMQ,5
A16SLO7XQ6YRVV,B004FYEZMQ,4
A3NKYTZKF843R,B004FYEZMQ,4
A3I84XM01IR8UF,B004FYEZMQ,5
AU0QKKN6X7NWV,B004FYEZMQ,1
APVNTVQHTX2QB,B004FYEZMQ,3
A3QOOJZSAD5FT3,B004FYEZMQ,1
ARC3J517UQITR,B004FYEZMQ,4
A1U8Z8WN5BQTLV,B004FYEZMQ,3
A5XOSBJY5GXKW,B004FYEZMQ,3
A22L9J5BPXKJYN,B004JMQLV2,5
A1DFNRC08WLRI5,B004JMQLV2,2
A3TF8KP5ERF0SE,B004JMQLV2,5
A2GIITIZ1OFK13,B004JMQLV2,4
A1IDFSSFSAUSV9,B004JMQLV2,1
A29SYALSORG8D5,B004JMQLV2,1
A2D6B85H1HVSI,B004JMQLV2,4
A341EAVW0G9AT9,B004JMQLV2,3
A25WMMJF13ROID,B004JMQLV2,4
AEIVMLCM1DS9J,B004JMQLV2,5
A3IQ6AYVH2818P,B004RMK57U,5
AD1BR4509OQDX,B004RMK57U,1
A1H9O1ETX9DKTO,B004RMK57U,2
A2Q2WGNW2CT7ZD,B004RMK57U,5
A2172X3JFOMR2K,B004RMK57U,5
A3UG8KMLBZCDC8,B004RMK57U,5
A1TZP27RI92RT,B004RMK57U,5
A12COGFVG1CX2W,B004RMK57U,5
A1VIZFPC5FDDI5,B004RMK57U,5
A2UGLR6ZXHHQ1R,B004RMK57U,5
A6C0QCBORL39D,B004RMK57U,5
A15CCX5AG778L4,B004RMK57U,5
A196OTCBBOLPK2,B004RMK57U,5
A3DXAD8168AONG,B004RMK57U,5
AO2YGB9BT1XP1,B004RMK57U,5
A3E1UEOPCNV4CD,B004RMK57U,5
AW29MNY1AO5M9,B004RMK57U,5
A3RAPSTE0OJKFI,B004RMK57U,4
AWRKJMDKD8KJI,B004RMK57U,3
A2JVBQDAOJD6F8,B004RMK57U,5
A2HRKMU78FPQ24,B004RMK57U,5
A19CQKI8EBK5OP,B004RMK57U,5
A3PZ4AXTY9J1DZ,B004RMK57U,5
A374EWASH8OMZP,B004RMK57U,5
A3EPEKTBXQIFZN,B004RMK57U,5
ATE4XTLWRFD66,B004RMK57U,5
A1BU3FLIQNOVDS,B004RMK57U,5
A16JWHI87FY0UV,B004RMK57U,2
A2APIVA9LCG8I5,B004RMK57U,4
A3RPNJODORTLRB,B004RMK57U,1
A27P2FAYPW8A4R,B004RMK57U,1
A1AL3R2W7SUME4,B004RMK57U,5
ABWH7ZIOZLWO0,B004RMK57U,5
AQE48FWUFYQZ4,B004RMK57U,5
A2WHFSB17DKZY1,B004RMK57U,5
AE6H3RD9YIPV,B004RMK57U,5
A3VPXZT2XGIFU7,B004RMK57U,5
A1U3FPDX1NKY3R,B004RMK57U,5
A35NW3GUVR5LRP,B004RMK57U,1
A1L2MXWW5PU0XH,B004RMK57U,5
A13SAGUDZA5LKA,B004YWSIOK,1
A2QY0WD2JLWUKS,B0050SWS8O,3
A1JGP9A78RN8FR,B0050SWS8O,2
A2GB75UCHV7WWQ,B0050SWS8O,4
A303C1N9NVQWCE,B0050SWS8O,5
A39T0L7SX0BQ8R,B0050SWS8O,2
A8W0BBUIZQ3WF,B0050SWS8O,3
A2CZG0732O9CQX,B0050SWS8O,5
A3N1OSY8WU5PKR,B0050SWS8O,5
A2XTHQ9DKIUZXZ,B0050SWS8O,4
A2TUR0TI2IEOBE,B0050SWS8O,5
A1WOBV6Q7H4RNU,B0050SWS8O,4
AU3CFI39FO9TZ,B0050SWS8O,3
AHT34BRYFBFT1,B0050SWS8O,4
A1FKSRD4UEA241,B0050SWS8O,5
A322BQSFMYED2Z,B0050SWS8O,1
A141X5SLP57AHS,B0050SWS8O,4
AATW2FX0JGHV6,B0050SWS8O,3
A38M8BN5WINWW5,B0050SWS8O,5
AHTN5W7UGU7TZ,B0050SWS8O,1
A3LG0YEY6IYHUL,B0050SWS8O,5
A3316CYEWWKML6,B0050SWS8O,1
A12KTSAPW0ODW7,B0050SWS8O,4
A1L1N3J6XNABO2,B0050SVH18,5
A1KMZG2XUCIQH6,B0050SVH18,5
A1ICREREXO9J81,B0050SVH18,5
ANT57Y2XZ2FJ4,B0050SVH18,5
A2CIL9EVTIMEBW,B0050SVH18,4
A7DDSEY4DG8QP,B0050SVH18,4
A1GSS6W2LG26MO,B0050SVH18,4
AWLIA2WF36I5T,B0050SVH18,5
A2Z73SUIBJ0FVR,B0050SVH18,5
A35ZJCU0IY3VBR,B0050SVH18,4
A1FTQ8KX7PFTB5,B0050SVH18,5
A2NNDDAWD1WH8L,B0050SVH18,5
AQ7QWA5M8HVQK,B0050SZ0JI,3
A3KKADE1AG5XS5,B0050SZ0JI,2
APDS9UHNY5M15,B0050SZ0JI,4
A3GRCK5JTX4G0Q,B0050SZ0JI,4
A2TUR0TI2IEOBE,B0050SZ0JI,3
A3DY5LCIQG3BC,B0050SZ0JI,5
A2VQ0EHFZS1KY3,B0050SZ0JI,1
A239LPRBX4RJXL,B0050SZ0JI,5
AOA98DNOIPBZG,B0050SZ0JI,2
A3ILQW67FRF0JO,B0050SZ0JI,5
A9VFS62QSJH2E,B0050SZ0JI,1
A13T4T3QOSII3I,B0050SZ0JI,4
A9YD1S6VJJMOV,B0050SZ0JI,5
A2QDKYTB8NMR6H,B0050SZ0JI,2
A3LSAOIFB9QBR2,B0050SZ0JI,2
A2QC6RHD6VJJ34,B0050SZ0JI,4
A3RG2CZ64HOLTA,B0050SZ0JI,1
A2WO3Q2MIIYNXE,B0050SZD18,3
A1P4KUKN2UUEQU,B0050SZD18,4
A3DNOD30WHJ68N,B0050SZD18,5
ATLZYOX6M7NJY,B0050SZD18,5
A3SD4CYHZIJ4JG,B0050SZD18,5
A2932XEA6A3VXG,B0050SZD18,5
A1WYEU2G50O986,B0050SZD18,4
A2OOR605L7T9EB,B0050SZD18,5
A1OH33MR6K4G5J,B0050SZD18,2
A39NXRVOVBW4NQ,B0050SZD18,5
A1L1N3J6XNABO2,B0050SZD18,3
A386OP2O7Z5Y5L,B0050SZD18,5
A6YOQB6CPRSS6,B0050SZD18,5
A2TXTCIOBK1NMQ,B0050SZD18,4
A4QIN73FEXMNF,B0050SZD18,4
A27N9GZXRMSI6X,B0050SZD18,2
ANJ38RBU91LDV,B0050SZD18,4
AOHJKIFK9XQPC,B0050SZD18,5
AEX12C4QA84BR,B0050SZD18,3
A12V2OKCB28RP4,B0050SZD18,5
A2VJJ2POCLMED7,B0050SZD18,4
A2KEAD7HBZSFZU,B0050SZD18,1
A133ILBUNCQ7XO,B0050SZD18,5
A2CLSQRE9Y7BY6,B0050SZD18,1
A2W71KC3JYUHDR,B0050SZD18,5
ANJTYB0HP0ZMY,B0050SZD18,5
A8VS5379ZV9YV,B0050SZD18,5
A3O72CO6RJJLX5,B0050SZD18,1
A1BLHU9O3DQOLS,B0050SZD18,1
AIGENWB6MIYXH,B0050SZD18,1
AFMI9PQA7YUFU,B0050SZD18,1
A2PA8HBLW1YH2E,B0050SZD18,1
A2CZDT27T36DBB,B0050SZD18,3
A1QTS5DRFAMNAA,B0050SZD18,1
A1PHMSNVHIRNWW,B0050SZD18,1
AX3XUYHA1PBVV,B0050SZD18,5
A35NW3GUVR5LRP,B0050SZD18,1
AZVI6IZE7IEQT,B0050SZD18,3
A25QJBK33C4O0R,B0050SZD18,4
A2TUWV3I6AYFH9,B0050SZD18,5
A36LB0RUGRC9GS,B0050SZD18,3
A61RO9WREYPUY,B0050SZD18,4
AZCCZ3LT2ESKV,B0050SZD18,3
A206MKVOFBMHK6,B0050SZD18,3
ATVONGZ1LPMSM,B0050SYAQ2,5
A37LMYI6J77I87,B0050SYAQ2,5
A1UBBTVRSUV72N,B0050SYAQ2,5
A21V7WI3WDXGRE,B0050SYAQ2,5
A3DK1IP99G72GL,B0050SYAQ2,5
A26UJABGDCD31S,B0050SYAQ2,5
A3ETZ7QYVUOW1J,B0050SYAQ2,5
A1BMUIHUM90GOQ,B0050SYAQ2,5
A141D25QZUU3Q,B0050SYAQ2,5
AP2OT0IFL4LU8,B0050SYAQ2,5
A2OUF56HZBCBKA,B0050SYAQ2,5
A32O98PFC3OP7K,B0050SZ836,5
A34NY4KZAXGRVV,B0050SZ836,5
ACV0Z3VZKH9UP,B0050SZ836,4
AZEVEWSU9G8GR,B0050SZ836,2
A1B7VOFF2O3VQE,B0050SZ836,5
A83WZ4IGK86CD,B0050SZ836,5
A3G4339DSUYA2,B0050SZ836,5
AHGC43I9TAD4S,B0050SZ836,5
AGQK3MKEUH5FV,B0050SZ836,5
A32JGNK1JNUSST,B0050SZ836,3
A2Y3CNGYI5PHSJ,B0050SZ836,3
A1UP19XQH91JT0,B0050SZ836,5
A1OC8VLU7MJS50,B0050SZ836,5
A1FAXD6Q67FZRY,B0050SZ836,5
A38JR7ANL46IYW,B0050SZ836,5
A3RRKQE3A3WSS2,B0050SZ836,5
A2FNZ1N3I6VF98,B0050SZ836,4
A1ZNRYQ8ZUYQ7M,B0050SZ836,5
ACUU754AGPOSV,B0050SZ836,3
APH0E6IAFAA5B,B0050SZ836,2
A2CBZKU4GIJPWV,B0050SZ836,5
A2Z326EY1WNGMU,B0050SZ836,5
A13VY0ZQM7QBAJ,B0050SZ836,4
ACAD5NZJPF36U,B0050SZ836,5
A35X5DFR6NSU19,B0050SZ836,5
A26HLRCAWRATKP,B0050SZ836,5
A1N1MUP825WTIY,B0050SZ836,5
A5WBJC32MPOUE,B0050SZ836,5
A27K0QRJT01PZK,B0050SZ836,5
A2UZ0ZHZIAXRHK,B0050SZ836,5
A17U3UFBSXL8F,B0050SZ836,5
AM8ZKRMFXUAI8,B0050SZ836,4
AOA98DNOIPBZG,B0050SZ836,5
AX1M4U63MFJDH,B0050SZ836,4
A1DVQM1RU5YRWW,B0050SZ836,5
A1FNQH4PLIOV3T,B0050SZ836,1
A37I9P028LY6VC,B0050SZ836,5
AX4OUOYP645H8,B0050SZ836,5
AD0JSFGDA7M95,B0050SZ836,4
AC3HCZE2016E7,B0050SZ836,5
A24D78YZUQNQCN,B0050SZ836,3
A9VFS62QSJH2E,B0050SZ836,3
A20DRRKAN5Z9Q,B0050SZ836,5
A16WKPOSEGQC3Y,B0050SZ836,5
A2QHVQSB7O0OTE,B0050SZ836,5
A1QK3DKGR6GK75,B0050SZ836,5
A13T4T3QOSII3I,B0050SZ836,5
A2A26KED39175E,B0050SZ836,3
A2SLLYHR7TD1WL,B0050SZ836,1
AAW7X3GRD8GY9,B0050SZ836,5
A3DNCPLYU732GT,B0050SZ836,4
AU2CJ9MY7NVQG,B0050SZ836,4
A26LHI94KJNO,B0050SZ836,5
A13UAIE3K517CQ,B0050SZ836,4
A2ZC1HYS78L9DF,B0050SZ836,2
A3CZ51PEAPD0KD,B0050SZ836,5
A26Y3RBD87AR78,B0050SZ836,5
A17C1GS384ORCX,B0050SZ836,5
ABSSWAIOUZ67Y,B0050SZ836,5
A3LIZ4RUYQ7AQK,B0053B5RGI,5
A3DIS5O83SQJWW,B0053B5RGI,5
A1LCDGE6SWZ3TZ,B0053B5RGI,5
AJ9ARSI1KUX8I,B0053B5RGI,5
A1FO8H332S134J,B0053B5RGI,5
A3922H49TA3Z58,B0053B5RGI,4
A28OY1QTZGR5H1,B0053B5RGI,4
A20QMISU4S0XRC,B0053B5RGI,5
A2ZBK995D1GSPL,B0053B5RGI,5
A1ODTJI740VVPW,B0053B5RGI,5
A1HSO763RXMYOH,B0053B5RGI,5
A1N2ZLQCI70523,B0053B5RGI,5
AP6DZJX8D1JNB,B0053B5RGI,5
A1GWL4XS2ZXGG8,B0053B5RGI,4
A125YQ1QFSGARL,B0053B5RGI,5
A1OT5828N59UK4,B0053B5RGI,5
A2OUKHGJ85XN4U,B0053B5RGI,5
AQJCD139YV951,B0053B5RGI,5
A22OAU14LKARL,B0053B5RGI,5
A3SS042FJQJN39,B0053B5RGI,3
A32G51Y3DSYKOZ,B0053B5RGI,5
A1GWUSPAM0RJVB,B0053B5RGI,5
A1L3GF3DR48LLH,B0053B5RGI,5
A38CM9GBWU5PL2,B0053B5RGI,5
AVBCITJ4C2FSW,B0053B5RGI,5
A2PHSKJD7E3QXF,B0053B5RGI,5
ASH07EY7KRVU0,B0053B5RGI,4
A19FWZXTGX663T,B0053B5RGI,3
A30YPCI74F6SKN,B0053B5RGI,3
A2WCJ7IEA1CQK8,B0053B5RGI,5
A1X63D4RFS50YK,B0053B5RGI,5
A3TEP6U427LK9Z,B0053B5RGI,5
A3NB0BYZWA7D62,B0053B5RGI,5
A1GBT4UN2RW7XY,B0053B5RGI,5
A4JXV6TQYYVQG,B0053B5RGI,5
A20RQURBI32DTP,B0053B5RGI,5
A25NMWMDFD0UIY,B0053B5RGI,5
A61A1DDY3D5S8,B0053B5RGI,5
A1KG9IOJZRD9L6,B0053B5RGI,5
A22O8LKP9X8ZFC,B0053B5RGI,5
A3OXP7RD46461V,B0053B5RGI,5
A2L3DA3W53GRY4,B0053B5RGI,3
A1URPVTYCOPV47,B0053B5RGI,4
A2ZTUIWXR6FED1,B0053B5RGI,5
A1LLBSF024FIVK,B0053B5RGI,4
A2NLWLLF8V8MYH,B0053B5RGI,5
A7YUO2UHYNUMQ,B0053B5RGI,5
A2GWAJF0VK59PB,B0053B5RGI,5
A1N063O49J3IM8,B0053B5RGI,5
A10W2QTBTVV6RQ,B0053B5RGI,4
A30ATGB0PJ1UXK,B0053B5RGI,5
A3H9RJ6A698JQC,B0053B5RGI,5
A141S3AT6GO6HH,B0053B5RGI,5
A1CPLQF5JZD4VB,B0053B5RGI,3
A3VXSX2W8XATR6,B0053B5RGI,5
AXRL8HCUAUAIM,B0053B5RGI,5
A1FGU7F9UJ264N,B0053B5RGI,5
ASNHK7219WNNN,B0053B5RGI,4
A1MN87SEPCXY5H,B0053B5RGI,5
A1KG4ESPHDJBIQ,B0053B5RGI,4
A9W055QLE6NZT,B0053B5RGI,5
AMKTOPL8BNWV3,B0053B5RGI,5
A3A9X2PYPAE0Z4,B0053B5RGI,3
AV1J6Y6DS8SJ7,B0053B5RGI,5
A2V55J9CCQCOG0,B0053B5RGI,5
A1QWZB3R4IVOR7,B0053B5RGI,5
A1GEV4XRR3YJ0F,B0053B5RGI,5
A2Q2KNQUA2VT98,B0053B5RGI,5
A3EROOTOOI7YCR,B0053B5RGI,5
A1NROUODR0UKKA,B0053B5RGI,5
A3S37V0CJUOIQN,B0053B5RGI,5
A270CQPCK6RZGG,B0053B5RGI,5
AK207NSLU74PM,B0053B5RGI,5
A2WFTTZEHJ0AQA,B0053B5RGI,2
A2YD6L90QO4OSM,B0053B5RGI,4
A616A2B09OPTA,B0053B5RGI,5
A24E0EFNJMFII2,B0053B5RGI,3
A2GA5V47G48176,B0053B5RGI,5
AT97ZQDIV729A,B0053B5RGI,5
A14E8WUM69EA4W,B0053B5RGI,4
A1PEFBNGZD7AAC,B0053B5RGI,5
AHJ49CNRRQZFT,B0053B5RGI,5
AG7C3PYEUGRNP,B0053B5RGI,2
AOJFJI3G7XUZT,B0053B5RGI,5
A9BK7I4GJ9T9G,B0053B5RGI,5
A3UGZL8C2KMYKS,B0053B5RGI,5
A7HD7SGI1R937,B0053B5RGI,5
A1VWX0NPENPNWR,B0053B5RGI,5
A9VWXRS1PJHOY,B0053B5RGI,5
A240LU7BL924VI,B0053B5RGI,5
A3HQFDKM9SAZ9R,B0053B5RGI,5
A38ZT0F5VUTOFV,B0053B5RGI,5
A11548ZOIDAELN,B0053B5RGI,5
A1ZRYQATVQGCPE,B0053B5RGI,4
A1MHB1HRR6VPEH,B0053B5RGI,1
A29QR1EDXHXL8C,B0053B5RGI,5
AGP8SERVW9YSR,B0053B5RGI,5
A23911N2NWO07A,B0053B5RGI,5
A21ILMJT9DDCZX,B0053B5RGI,5
AH8BG0Y3ODPZD,B0053B5RGI,5
A2BAMSA51YSE0U,B0053B5RGI,4
A34MF4QY53CAW3,B0053B5RGI,5
A1R6LTV9DWNM61,B0053B5RGI,5
A55TVW2SE2JXK,B0053B5RGI,5
A6RPLBIWT5CXN,B0053B5RGI,3
A35L2E8M7S59MQ,B0053B5RGI,5
A30NTM1SJESK9C,B0053B5RGI,3
A1WBE10OIBHI91,B0053B5RGI,5
A1EA9Z5HIBFCG2,B0053B5RGI,5
A1S319B6JZJXJ3,B0053B5RGI,5
AW6COA7ZMQCS7,B0053B5RGI,5
A2X3M5QDZRAUTG,B0053B5RGI,5
ABSWT9Y9UUQ6W,B0053BCMAC,5
A2XJ9VML35B5VP,B0053BCMAC,4
A21VSLE2IALFOS,B0053BCMAC,5
A1Z2HIKL8PRJFD,B0053BCMAC,4
A1PM1DFWDL8IEA,B0053BCMAC,5
A3I1KF122KRF60,B0053BCMAC,5
A2A5VYB6647690,B0053BCMAC,4
AIMT3E7BNFZNX,B0053BCMAC,4
A3326IAIKL0C4T,B0053BCMAC,5
A1GZDMNFHA1AR2,B0053BCMAC,3
AOZIGABLW2DZ3,B0053BCMAC,5
AQBOAWOPNTLMG,B0053BCMAC,5
A1DPVIDVJQJ1D2,B0053BCMAC,5
A1DDG2R80UWTPI,B0053BCMAC,5
A2L3EPIGHENK8O,B0053BCMAC,3
A2VF7R1ZSTI5J9,B0053BCMAC,4
A2NLWLLF8V8MYH,B0053BCMAC,2
A2P3GRO9Y60OG8,B0053BCMAC,5
A47BGBYRJKCN2,B0053BCMAC,4
A253BVD91JEURL,B0053BCMAC,5
ACNV2LRSW001G,B0053BCMAC,3
A1EAJX5PH6TLE3,B0053BCMAC,4
A1EVV74UQYVKRY,B0053BCMAC,4
A1MN87SEPCXY5H,B0053BCMAC,5
A2HD7CADHEIJ5A,B0053BCMAC,5
A22C4V6AXZ9PQO,B0053BCMAC,5
A1W5A9VYCE2KFB,B0053BCMAC,5
A9W055QLE6NZT,B0053BCMAC,5
A5ALR94CTAZ83,B0053BCMAC,5
A10UUYDN5NY2GB,B0053BCMAC,5
AZIIM0UOCTSHV,B0053BCMAC,4
A19D1D1ITU4XZI,B0053BCMAC,4
A21B8AV7E3MPXE,B0053BCMAC,4
A3V761GBN0OEAN,B0053BCMAC,5
A3P4AINT6AFU9F,B0053BCMAC,5
A3JMQJWWAHZ44P,B0053BCMAC,4
A26RGQ7L9SFQS9,B0053BCMAC,5
AYKOEZFVI4TGP,B0053BCMAC,5
A9RHCOA781HWO,B0053BCMAC,5
A1LP3NYDYTQ81V,B0053BCMAC,5
AGIW4WE0JYMYW,B0053BCMAC,3
A27OW0P38B28OP,B0053BCMAC,2
A19DHRJSKYPIJS,B0053BCMAC,3
A55TVW2SE2JXK,B0053BCMAC,2
A1YKBSE9P3GDCA,B0053BCMAC,1
ANMEIF5DAR1FV,B0053BCMAC,4
A2YISI5ZDC06SC,B0053BCMAC,5
AWPUYDGJ436ZW,B005C2D2H4,2
AHNYRCBNPYS9P,B005C2D2H4,3
A2JZD09DKQ0SXI,B005C2D2H4,5
A3O6J730LUMUHY,B005C2D2H4,5
AVR6QV2J0DGO,B005C2D2H4,4
A3QB2VPGHT0SVC,B005C2D2H4,5
A3DTFTBRJ0MI9N,B005C2D2H4,5
A36FPEHND5CW5P,B005C2D2H4,3
A2FRY84P4VM7B5,B005C2D2H4,5
A2JM83X18KJOYC,B005C2D2H4,5
A2AU2OVD6VT49Z,B005C2D2H4,4
A3OGAFD507Q9GM,B005C2D2H4,4
A3R66N9FR8HMJ7,B005C2D2H4,3
A1QS0986XREJNE,B005C2D2H4,5
A1WGVOVABHFDF3,B005C2D2H4,5
A3S0BFBNL6UYU7,B005C2D2H4,4
A3QCK3IATSFPCA,B005C2D2H4,2
A1EV2I52HSUXQ2,B005C2D2H4,3
AOGY4TI9HUE9T,B005C2D2H4,5
A2AP0DPZ05UGLG,B005C2D2H4,5
A2HRIT3UZEQC5,B005C2D2H4,4
A24G6LB085YCMH,B005C2D2H4,5
A20DRRKAN5Z9Q,B005C2D2H4,4
A1WUW4WLCNT82Q,B005C2D2H4,3
A3MT6C7GPI8V7U,B005C2D2H4,4
A10F5F8M55Z4Q9,B005C2D2H4,5
A10AYT89XSCE46,B005C2D2H4,2
A2OUT79Q0FS69,B005C2D2H4,3
A281ZPIZMJY8XG,B005C2D2H4,4
A1LYN3ZK230TGE,B005C2D2H4,5
A2RYT444AJM21J,B005C2D2H4,4
A2S4ZOLI44MENH,B005C2D2H4,5
A32UOU6DA2LKRS,B005C2D2H4,5
A15PIAQT55GNCA,B005C2D2H4,5
A2QY0WD2JLWUKS,B005EQE0YM,4
AX4SYUZKG8TXZ,B005EQE0YM,5
AE27TZH8TMJFY,B005EQE0YM,5
AD49674EWA74I,B005EQE0YM,5
A3HSSRAEKLUCOP,B005EQE0YM,5
A2MXJWFW6P4XF4,B005EQE0YM,5
A19KUXIRH8Z448,B005EQE0YM,2
A3CSMTJZQSCFUL,B005EQE0YM,5
AN2SCJ9PDVBIK,B005EQE0YM,5
A1SMHVGBDUDMEY,B005EQE0YM,5
A31CB14G6QWEH,B005EQE0YM,3
A1MVH1P18MX2PR,B005EQE0YM,4
AFM65NU0UXIGP,B005EQE0YM,5
A2R39ZGM16HA96,B005EQE0YM,5
A1IAQOSPATLKWO,B005EQE0YM,4
A29QU3I73BX8LL,B005EQE0YM,3
A380V9SSWVB2CA,B005EQE0YM,5
A1UBBTVRSUV72N,B005EQE0YM,5
A1ZZ6I6N3W94P8,B005EQE0YM,5
A18TWHZ6J2JLW3,B005EQE0YM,5
A2ZIWTTWP4EP5T,B005EQE0YM,5
A2SEFTVOB9J8JY,B005EQE0YM,5
A2PK6JC8ZCP8F9,B005EQE0YM,3
A3LENMPBT31LJM,B005EQE0YM,5
AWN8Q7FYS4G09,B005EQE0YM,5
A3VMP9R43DCYUM,B005EQE0YM,5
A3SS042FJQJN39,B005EQE0YM,3
A3NQP17O7WPWRC,B005EQE0YM,5
A2W867M0FLJNHM,B005EQE0YM,5
A39Q1ONUR4P4H0,B005EQE0YM,4
A2T11CIQM88GME,B005EQE0YM,5
A1SQL0AN5ZLOZK,B005EQE0YM,3
A2AS1NVFVXGVU9,B005EQE0YM,5
AFLEIZY9LOV0N,B005EQE0YM,5
A1QS6WYA6YNBZS,B005EQE0YM,5
ANLQKGA7IOR8Y,B005EQE0YM,2
A25JOEPXHBMLOY,B005EQE0YM,5
AEYZM50QVZECI,B005EQE0YM,5
A2DIM0MGIWHXTY,B005EQE0YM,1
A3S3Z9TCO8QS4L,B005EQE0YM,5
A2WHH7AFGSBNOJ,B005EQE0YM,5
A1AFLWMXJDZAQ3,B005EQE0YM,5
AZRQZL1SIW0OJ,B005EQE0YM,5
A27Y7L04E3WWZS,B005EQE0YM,5
A2VRZBFBTQDZOC,B005EQE0YM,5
A3DHO701I0MKDP,B005EQE0YM,4
A5RHZLXOYGGUU,B005EQE0YM,4
A3RGLMSG9DQEU8,B005EQE0YM,1
A3JI1ELQKBH8SH,B005EQE0YM,4
A39BSJF0OP2K68,B005EQE0YM,3
A2X91A6HAICQ24,B005EQE0YM,5
A19NHOV4KJEBHF,B005EQE0YM,5
A1FD50DICTYSNZ,B005EQE0YM,5
A2O61OY3Y6VZKU,B005EQE0YM,4
A224LOZUTJTM3O,B005EQE0YM,5
A1Y9A4V9KBRELP,B005EQE0YM,5
A3THLN9AUYJY1G,B005EQE0YM,3
A2TJITGLAP0AIA,B005EQE0YM,3
AQAVEUDWDU4M7,B005EQE0YM,4
A2PCCN6J5BW2CY,B005EQE0YM,5
A2SIJCJMUO9N8Q,B005EQE0YM,5
A11VQ8NKBRNCAY,B005EQE0YM,5
A3JNUPN7KVOMQG,B005EQE0YM,4
A3QPV7H698C4DZ,B005EQE0YM,4
A3CO1P0AI9AEWR,B005EQE0YM,5
A1OXEISUU30W4,B005EQE0YM,5
A924HIXTFZ9NY,B005EQE0YM,5
AON235026ZSUF,B005EQE0YM,4
ABNMLQO8QICXD,B005EQE0YM,5
A2LKNZSX6YSMGD,B005EQE0YM,5
A343WSMKJORRXM,B005EQE0YM,5
A2MM30EFRMPL5Z,B005EQE0YM,3
AUXV4R9QCLINQ,B005EQE0YM,5
AMJEE733AFRL3,B005EQE0YM,5
A09760722OL5AUCCDU01E,B005EQE0YM,5
A21F826KDJP56J,B005EQE0YM,5
A2GY90IB56RBNC,B005EQE0YM,3
AW12F6FJ99WCV,B005EQE0YM,5
A3ILQW67FRF0JO,B005EQE0YM,5
ADAN8TKU7DHNY,B005EQE0YM,5
A3O0XMYA3WL0T6,B005EQE0YM,5
A34UCALOWJHDU2,B005EQE0YM,2
A3FLT882H8UZIS,B005EQE0YM,2
AC10KZPKDGCXI,B005EQE0YM,5
A35XTFTRDJEGQZ,B005EQE0YM,1
A2U0XH37W614G9,B005EQE0YM,5
AH1TEVXE0LLP9,B005EQE0YM,5
A20QKTX7FUQT3W,B005EQE0YM,3
A4W7MDY8358D8,B005EQE0YM,2
A3RTDPTZJ6SAOC,B005EQE0YM,5
A2F0XHAU5C4NEF,B005EQE0YM,2
A1EIVBM59RPPK9,B005EQE0YM,5
A3AZPAZXGOD4VL,B005EQE0YM,5
A16IT612FWPB1Y,B005EQE0YM,5
A3B8PMPYXL25YN,B005EQE0YM,5
AWLIA2WF36I5T,B005EQE0YM,5
A1FSB0ABKLVCPD,B005EQE0YM,5
AOJFJI3G7XUZT,B005EQE0YM,5
A2ZSAGZQZ4HTJN,B005EQE0YM,2
AMOG6CEKOYUI5,B005EQE0YM,3
A2P2R523TW0XQR,B005EQE0YM,5
ACG9VLB5JCN1D,B005EQE0YM,5
A2P4QIW2G6U8YZ,B005EQE0YM,4
A3SZ3TAYEFYMMG,B005EQE0YM,5
A2W7TP06GFQAZF,B005EQE0YM,5
A2LMXWKXX2YVZ5,B005EQE0YM,4
A29EBMHV63RP23,B005EQE0YM,5
A2MCRCK1V61FWQ,B005EQE0YM,5
AKLLR9TIH0QH0,B005EQE0YM,5
A31BPCBOF3C3N0,B005EQE0YM,5
A28MZN0SVLGEQY,B005EQE0YM,3
A16P57DDQJBAWG,B005EQE0YM,5
AXMI2L955OIYD,B005EQE0YM,5
A6TKEFFPMBZXE,B005EQE0YM,5
A17AK96XOSQ18T,B005EQE0YM,4
AV62333WQDAXR,B005EQE0YM,5
A3DX7UXJZUF8C4,B005EQE0YM,5
AJJQ188TFNITV,B005EQE0YM,4
A3R2VWP48AEKIC,B005EQE0YM,5
A3EXIM9H3PLDX9,B005EQE0YM,5
A1GTWRBJ2L7OND,B005EQE0YM,4
A6LBB2PZEDXIL,B005EQE0YM,5
AS65L3A9I2ES6,B005EQE0YM,4
A3RO45IUD915ST,B005EQE0YM,5
A3UA7AX1MI437Q,B005EQE0YM,5
AK5C76ZDEDTVH,B005EQE0YM,5
A15CN75IY33KG2,B005EQE0YM,2
A3GWUPK4XE4EPP,B005EQE0YM,5
A1R6LTV9DWNM61,B005EQE0YM,4
A1VZRJ5VFI29LL,B005EQE0YM,2
AE4YM2QHPW5MJ,B005EQE0YM,5
A1QVTN4ZWGLZNU,B005EQE0YM,5
A1WD4W1P8TAGZG,B005EQE0YM,5
A9KN4LYEB5KRV,B005EQE0YM,5
ADHQKNPEHLE17,B005EQE0YM,5
A1VVO43ES1Q03F,B005EQE0YM,5
A361T45CN776M5,B005EQE0YM,5
A3QE1OG763F1O2,B005EQE0YM,4
A1JO63CK8MVIBS,B005EQE0YM,4
A2HL2N0M48HEK1,B005EQE0YM,5
A3ML7B39EFTH0Z,B005EQE0YM,5
A19P1VXT8KELKZ,B005EQE0YM,4
A2LVFLPZ6EHQWR,B005TMG0IU,2
A3COXRUY6JPML5,B005TMG0IU,2
AK881IE9GTAC9,B005TMG0IU,1
A831AKU9Y5D2Y,B005TMG0IU,4
A2B3K4730H6CTB,B005TMG0IU,5
A2PUMYLZYBYDTO,B006JEE05W,5
A3NK28P0BSBJY4,B006JEE05W,5
A20DRRKAN5Z9Q,B006JEE05W,5
AN7RTUKN58HDZ,B006JEE05W,1
A32O98PFC3OP7K,B006P5RW3M,5
A1KWGHYT39PWI2,B006P5RW3M,5
A2UP7JGUMPRR41,B006P5RW3M,5
AH5103EVUMLL5,B006P5RW3M,2
AGXIND08WDJEO,B006P5RW3M,5
A26N27LJVQNVI1,B006P5RW3M,5
AFXTKAO0CB354,B006P5RW3M,5
A30PRAFRJW47KQ,B006P5RW3M,5
AFIYNGQDGK4TD,B006P5RW3M,4
A16Y2B2IS32YNK,B006P5RW3M,5
ANW6EGY12V5XS,B006P5RW3M,5
A2615K4AJSX078,B006P5RW3M,5
A2XAGOGJ6Y1F0C,B006P5RW3M,1
A332S4LHX5RLFN,B006P5RW3M,3
A16WKPOSEGQC3Y,B006P5RW3M,5
A8RGWWCC1PVMQ,B006P5RW3M,5
AYIUVSACHWU97,B006P5RW3M,3
A20SL74VUZSK2Y,B006P5RW3M,1
AXNWBX64EB6GL,B006P5RW3M,4
A2V27POJVB74WB,B006P5RW3M,5
A2YJ1K8M0KPHMF,B006P5RW3M,4
A3AVR5NYQULF7H,B006P5RW3M,5
A3AIBJ1EKW4AZ4,B006WQR3OM,5
A3CU4DST29YIFH,B006WQR3OM,2
A29ZFMPTGW8K5M,B006WQR3OM,3
A3O0VN4G5RICJV,B006WQR3OM,5
A3EJZJQCMRRFT2,B006WQR3OM,4
A3QNQQKJTL76H0,B006WQR3OM,3
A1CLGZV1YQWRH8,B006WQR3OM,3
A2JS2R4A7EC2SE,B006WQR3OM,4
A3AIPY438KNXUS,B006WQR3OM,4
A13LZ7X9X1REXX,B006WQR3OM,4
AFN50FW6QGP5N,B006WQR3OM,4
A186YH43OJ7OCT,B006WQR3OM,5
A38W8AXLQZYDLP,B006WQR3OM,5
A11IHV8N5A8IC7,B006WQR3OM,5
A182E36CMQ6JEA,B006WQR3OM,5
A36DWDSH2XWB31,B006WQR3OM,5
A2XTHQ9DKIUZXZ,B006WQR3OM,5
A103B6MQ5IF2BK,B006WQR3OM,4
APH0E6IAFAA5B,B006WQR3OM,4
AX1GYLCAS0LOV,B006WQR3OM,5
AX5O0OCTGKKPD,B006WQR3OM,5
A29YQB3OOTBHBF,B006WQR3OM,5
A3B9AK9W7ZD7T4,B006WQR3OM,5
A26ZPKWD7UIWZ8,B006WQR3OM,5
A11A9AVEM5EVU4,B006WQR3OM,2
A1EKIXRELV3GRU,B006WQR3OM,4
A3PL7GR58H579Q,B006WQR3OM,5
A3JSHAHVPYO0PX,B006WQR3OM,2
AARCIWB2NE5IB,B006WQR3OM,2
A2CACYNRZ337HQ,B006WQR3OM,5
A27DY4WKF2O0O1,B006WQR3OM,5
A2GWBFMQWOEBIR,B006WQR3OM,5
A3V6Z4RCDGRC44,B006WQR3OM,5
AI9K7IX2BUMJP,B006WQR3OM,4
A19U3RW5VR9U4Z,B006WQR3OM,5
A3R570ZSVKIDZD,B006WQR3OM,5
A25AYIS8J9K9RG,B006WQR3OM,4
A1DIWZ8SU39V18,B006WQR3OM,4
A1Q5MVTOJAZ441,B006WQR3OM,5
A2VDIDDCSHTNV4,B006WQR3OM,5
AL9DWZ3Y7JD5Q,B006WQR3OM,4
A4P8H4D2JRA0I,B006WQR3OM,1
A1DOWKRJHBZSH1,B006WQR3OM,4
A2IS19LB8E85II,B006WQR3OM,5
AB1CNQ3GH82G9,B006WQR3OM,5
A40V68Q5HCYLH,B006WQR3OM,5
A1F343XWE03F4S,B006WQR3OM,4
A2S4ZOLI44MENH,B006WQR3OM,5
A3CZ51PEAPD0KD,B006WQR3OM,5
A1UKSBU9MZBOQ4,B006WQR3OM,4
A2LNQQ1N2DZBUJ,B006WQR3OM,5
A129FGHUVH37KW,B006WQR3OM,2
A3GK8FW7056P1N,B006WQR3OM,4
A2Y149WJNDM7U9,B006WQR3OM,2
A1VVO43ES1Q03F,B006WQR3OM,5
A2LKE8Z1RHF3WI,B006WQR3OM,5
A3ABLYE1RHYQO1,B006WQR3OM,5
A1THV1E0ZBBRY,B006WQR3OM,5
A25VB20093B0YT,B007FXFUFA,2
A34BI5L4QSYGJR,B007FXFUFA,4
A23KZK7EEC93UT,B007FXFUFA,5
A3KF80JNA9PGYG,B007FXFUFA,5
A1E5707WYIHXHI,B007SRM5U6,4
A2D5QOKUUVC8MZ,B007SRM5U6,5
AEPLLP325QR7X,B007SRM5U6,5
A3E9Y6IBUXV41U,B007SRM5U6,1
AS3ZA8FGJZ50X,B007SRM5U6,4
A3HKGFASV3NJN1,B007SRM5U6,5
A3P974GJZFHS8D,B007SRM5U6,5
AJYMF16UK559T,B007SRM5U6,5
A1E330XTGY2EP9,B007SRM5U6,5
A2V1KTMF908HQ4,B007SRM5U6,5
A1L1N3J6XNABO2,B007SRM5U6,5
A1JYATWK5TZ089,B007SRM5U6,5
A2FMV79E85E6CA,B007SRM5U6,5
A1J00EFJKYM1FB,B007SRM5U6,4
AQ0M6PTC54TGW,B007SRM5U6,4
A1W9E3I5A8N0J3,B007SRM5U6,5
A3FS75WMXKQZ8R,B007SRM5U6,5
ARXZKH8HDED5S,B007SRM5U6,5
AYWENXHSX7CU8,B007SRM5U6,5
A3KMEUY129LFLH,B007SRM5U6,5
ADOJBL1B75PE3,B007SRM5U6,5
A3M21T652I9TPH,B007SRM5U6,5
A3JM313ZWAGIJU,B007SRM5U6,5
A39JE66GVL8RH9,B007SRM5U6,4
ACD0RUGXM2LTY,B007SRM5U6,4
AGBIKP0B8F0WC,B007SRM5U6,5
A3SZEYY6ELTTJK,B007SRM5U6,3
AC4176LU8R0SA,B007SRM5U6,5
A1Y4I60II3E0KE,B007SRM5U6,5
A5VD93RRPRWLU,B007SRM5U6,5
A3F8T3BRXRX5P3,B007SRM5U6,5
A17OJILEIHEQG2,B007SRM5U6,5
A2IGDGE2NT15Z4,B007SRM5U6,5
A2RF2V7ID1WXB0,B007SRM5U6,5
A1RS0N9O7WCWUN,B007SRM5U6,5
AEP98SGIYGMYE,B007SRM5U6,5
A2TWRKMWPPNKVB,B007SRM5U6,5
A1L9S066W6IRWR,B007SRM5U6,4
A2ZOGZ604O4CI2,B007SRM5U6,5
A7P8LN1K40KOE,B007SRM5U6,5
AKFZ256Z2QCW,B007SRM5U6,5
A1QPSHBOR2VXI1,B007SRM5U6,5
AHSFXNTBJYNK4,B007SRM5U6,5
A3TI2FTZN3YJV2,B007SRM5U6,5
A2GDOWWQEI2O20,B007SRM5U6,5
AHLYN7MG8MMNC,B007SRM5U6,5
A1V4JMX16M3JNE,B007SRM5U6,5
A2II4W8K05KQ4G,B007SRM5U6,2
A1HRY2STQ8D7E7,B007SRM5U6,5
A24EVHB54VTJEX,B007SRM5U6,1
A4G51W9PC7TJL,B007SRM5U6,5
A2J9343D21EO40,B007SRM5U6,5
A2T931BBJ0N4FJ,B007SRM5U6,4
AZ9JWGE1UGKZA,B007SRM5U6,4
A24MNSFZOT9201,B007SRM5U6,5
AA3MVK6EDWIHF,B007SRM5U6,5
A1VA41OGO7X0ZW,B007SRM5U6,5
A28GZFNGKUZRFD,B007SRM5U6,5
A3SBO2T1YJTJQ7,B007SRM5U6,5
A2JJMCPGEE457T,B007SRM5U6,4
A13HI5K3F3OMMA,B007SRM5U6,4
A2UJBOBEIK2YFR,B007SRM5U6,5
A1D656L4PKRJUR,B007SRM5U6,4
A2UK5ZLO6PYB0J,B007SRM5U6,5
A307YJ0PFZ6QAY,B007SRM5U6,5
A3NKYTZKF843R,B007SRM5U6,2
AQSMM1Z9BEOYT,B007SRM5U6,4
A5QWG8RRSLKT0,B007SRM5U6,5
A5Q6359R55V5G,B007SRM5U6,5
A2LH3CBOXMPWJO,B007SRM5U6,5
A22AU1SXYIYVL8,B007SRM5U6,4
ABBSJSZRKSSMR,B007SRM5U6,5
A317YA8BFT9BKB,B007SRM5U6,4
A1XXMH38GTMU1O,B007XIJADU,3
A2PCCN6J5BW2CY,B007XVTR3K,3
ANDVZIA4IVJBC,B007XVTR3K,3
A361T45CN776M5,B007XVTR3K,5
ASAMQ3P3EFN9,B007XVTR3K,5
A35BHN7WQHGBJA,B007XVTR3K,5
A2T71JNR3C2DY1,B007XVTR3K,4
A1J30HJM3YJSOA,B007XVTR3K,5
A2ZKTPPLN4MTTE,B007XVTR3K,4
A3U4X6OWJO7PMB,B007XVTR3K,5
A2CJP9NYD8KNYQ,B007XVTR3K,5
A3TUSSE7IL10FM,B007XVTR3K,3
A1JHWU07S37H28,B007XVTR3K,5
A2DFOAR1FC73UM,B007XVTR3K,4
A1LAQRP502MHEM,B007XVTR3K,5
A1LLEPCZ4OFQU0,B007XVTR3K,4
A1JLK0MQBH72N0,B007XVTR3K,5
AK207NSLU74PM,B007XVTR3K,4
A3EO48WJAUYH0M,B007XVTR3K,5
A28XXRZ4TLG7W1,B007XVTR3K,3
AK3V0HEBJMQ7J,B007XVTR3K,2
A1WZC4X6LYPIEX,B007XVTR3K,5
A23TR7HDJZD2OL,B007XVTR3K,5
A1CLD0XUR0VRDE,B007XVTR3K,5
A2O4IWROL1QDH9,B007XVTR3K,5
A2L8FG3KG6H5SG,B007XVTR3K,5
AZEMV7Z9YDR79,B007XVTR3K,4
A2T404GHIEZIWX,B007XVTR3K,5
A19TQKZ3K6PX96,B007XVTR3K,4
A17EH5LO9BVC60,B007XVTR3K,5
A3904X1YEIRT2D,B007XVTR3K,4
A3RCKYBE1C5NVW,B007XVTR3K,5
A1HGVYYASDWV47,B007XVTR3K,5
A1L2QRDUA3W5R4,B007XVTR3K,2
A25TVFN39CUIP1,B007XVTR3K,5
A3NZ79RJYF8UDJ,B007XVTR3K,5
A39BFFB8KC3Q3E,B007XVTR3K,5
A3AF8GQGBCEO73,B007XVTR3K,3
ALC6LWQXBHIPG,B007XVTR3K,4
A9QIH83F1NFOD,B007XVTR3K,1
A1VR1HIOVQWN09,B007XVTR3K,5
A3VDCWE7PSDKQ4,B007XVTR3K,2
A2E0Y36180VBTN,B007XVTR3K,1
A32D7E6SSEOAZ1,B007XVTR3K,3
A2DWWQ0YX4XGDH,B007XVTR3K,5
A3T4H4FH6L1PZX,B007XVTR3K,5
A2Q9CNJ4T6ZK99,B007XVTR3K,5
AR498TEKBWCPB,B007XVTR3K,5
A3T4PEXRGLWS3P,B007XVTR3K,1
A3BXZ5WUC5C22Y,B007XVTR3K,5
A1R61WGR2Z6S3L,B007XVTR3K,5
A2VV7016LUSOB6,B007XVTR3K,4
A1OTMWOTHGD39F,B007XVTR3K,5
ABNMLQO8QICXD,B007XVTR3K,1
A15LJLR72VKL5E,B007XVTR3K,3
A129QWGW1IC0JW,B007XVTR3K,2
ACKE7RAMWLVP7,B007XVTR3K,4
A132GQLZPBYBGH,B007XVTR3K,5
A8IXEE1XQ3OEX,B007XVTR3K,1
A2PA8HBLW1YH2E,B007XVTR3K,3
A16ZNVA07NX1DG,B007XVTR3K,3
A3J8OUUMPJECWG,B007XVTR3K,1
A2HV7RYD2T30DD,B007XVTR3K,5
A26N3EWCHZZXXL,B007XVTR3K,5
A1J6WXY7V7JYZL,B007XVTR3K,5
A1L7AD4OA7K4JG,B007XVTR3K,5
A1H5XDZZQLFLFT,B007XVTR3K,5
A13CG0XZH2FXPT,B007XVTR3K,5
A2Z99V0E0SG9IC,B007XVTR3K,1
A169CJ2NJQYIM6,B007XVTR3K,4
A36MMQJFWC4CAD,B007XVTR3K,5
A1AKAWVGPSXQS7,B007XVTR3K,5
A2QAP8DTHCSZM5,B007XVTR3K,5
AADUZL9EYDTVB,B007XVTR3K,5
A1I9Z7BQW5ZD0S,B007XVTR3K,3
A3HSSRAEKLUCOP,B007XVTR3K,2
A1D52ZMI5ADU5K,B007XVTR3K,1
A1DDGFYGFY6TDC,B007XVTR3K,5
A2DRF9BXT4C04J,B007XVTR3K,2
A7R6X45A7KQDT,B007XVTR3K,1
A2VAMS1TTV0BHZ,B007XVTR3K,1
A3GJRVRH6JANYO,B007XVTR3K,2
ADPEAVHFCNLLC,B007XVTR3K,4
AU69XTW959B2G,B007XVTR3K,2
A15GHWYP5IN662,B007XVTR3K,2
A1AAUFP9MV3AEA,B007XVTR3K,1
A3MWZPCMIPS2TK,B007XVTR3K,5
A26JPPFJ1WLTGY,B007XVTR3K,5
A3958SRZFG5W82,B007XVTR3K,5
A387VRSI2OET79,B007XVTR3K,3
A1CANTGFUC6O31,B007XVTR3K,4
A35HTIF9NF8VCP,B007XVTR3K,5
A2JFV8QYQW1WLB,B007XVTR3K,5
AJUQ7HXYDQB3Z,B007XVTR3K,5
A298QC70COY929,B007XVTR3K,5
A28CCN6VYHRUKS,B007XVTR3K,2
A1O33KC85BNTTS,B007XVTR3K,4
A1DXS4XEIW98ZR,B007XVTR3K,2
A1LGVNSZT48QUQ,B007XVTR3K,3
ATP2L50WYUVXI,B007XVTR3K,1
A3NWLZHSDS98FX,B007XVTR3K,4
AOJW1NEG3A13Y,B007XVTR3K,1
A1CJVQ22O3LGHL,B007XVTR3K,5
A30KNYK8TKVYME,B007XVTR3K,5
A2ABSPL9D11G0Y,B007XVTR3K,2
A1XJ8F4NBXDIPG,B007XVTR3K,2
A3CJAA5VWKC7X2,B007XVTR3K,2
A36X82VV95S49L,B007XVTR3K,1
A2W867M0FLJNHM,B007XVTR3K,5
A3ITB9S0P3KZRR,B007XVTR3K,5
A25Q2FZI9ZUAJE,B007XVTR3K,5
A3LPFL1JZ8MX0F,B007XVTR3K,5
AEYZM50QVZECI,B007XVTR3K,5
A3DG9QQGEUR6XD,B007XVTR3K,5
APOUI93G4TY7U,B007XVTR3K,5
A2JB7TD1EQWQ6P,B007XVTR3K,1
A3LS3RAMAP3X8Z,B007XVTR3K,5
A3396W9T1HOQBP,B007XVTR3K,1
A1KX3K1IUT7900,B007XVTR3K,4
A2P545J7VFIO3I,B007XVTR3K,5
A37XQ1R7WFPXXP,B007XVTR3K,2
A1U6XPYATU9OPG,B007XVTR3K,3
A1TXCD0HSTVFAU,B007XVTR3K,4
A2VQ0EHFZS1KY3,B007XVTR3K,4
A2S461HX8XCVRK,B007XVTR3K,3
A2L3EPIGHENK8O,B007XVTR3K,3
AVGOUVT61P47I,B007XVTR3K,5
A1Y3UBZI6YH9EU,B007XVTR3K,3
A2XDX3KJY99A7R,B007XVTR3K,3
A1MZWXHMOGSPG0,B007XVTR3K,5
AOGQFSCJW7Z5L,B007XVTR3K,5
AG2JL3NLMR84N,B007XVTR3K,3
A1JSVGCIKGZICP,B007XVTR3K,5
A2NLWLLF8V8MYH,B007XVTR3K,3
A12G8WFVFU2RGO,B007XVTR3K,1
A60YHCOTRNDYH,B007XVTR3K,5
A3NW3LJA0VTD0W,B007XVTR3K,5
A3E4ROWO6RFQAN,B007XVTR3K,3
A2P3GRO9Y60OG8,B007XVTR3K,5
A307Y71ISNV9HD,B007XVTR3K,1
A2N0IOCQK69NQ,B007XVTR3K,2
A1N7XLN666BBZX,B007XVTR3K,4
A2Q4PXSOWHA0HF,B007XVTR3K,5
AJUNCW7RURPHQ,B007XVTR3K,5
ACDLBFBT2MPWO,B007XVTR3K,5
A186WITN7HFUCG,B007XVTR3K,2
A23ULLQK2W38CZ,B007XVTR3K,5
A2SVD4PQT3R7VC,B007XVTR3K,1
APFMSLR6X7XUW,B007XVTR3K,3
A2FKXU13USTGK0,B007XVTR3K,5
A2NQYHHA2YEEJC,B007XVTR3K,5
A20IODXCIIE4PO,B007XVTR3K,2
AD9J5OE7R8WZW,B007XVTR3K,5
A43IRNAS9I4UB,B007XVTR3K,5
A2QENEV1EW85HU,B007XVTR3K,5
A1RZHUKGUG8VHE,B007XVTR3K,4
A23XVBGSOPAFU0,B007XVTR3K,2
A2JRDOWO0MKNNT,B007XVTR3K,2
AUB7W10GTWXF2,B007XVTR3K,5
A3HS3ZI46QOG14,B007XVTR3K,4
A4AWSFZSRJARW,B007XVTR3K,3
A201V5V0GLSX57,B007XVTR3K,3
A2CF79K00M78SQ,B007XVTR3K,5
A32W7MGLZNB36K,B007XVTR3K,5
A2S6NLBRDME601,B007XVTR3K,5
A46AI8TNUN94E,B007XVTR3K,5
A4BA6M0HBU56A,B007XVTR3K,5
A31BPCBOF3C3N0,B007XVTR3K,4
A1FGGWG10EQT1A,B007XVTR3K,3
A2SY22AYASAAGM,B007XVTR3K,5
A11I8KABC80XYE,B007XVTR3K,5
A3TV0Q07RE0XAV,B007XVTR3K,5
A3M4IDCNJML6LB,B007XVTR3K,5
A39WUFQU9UUVUV,B007XVTR3K,5
A3E34Q55K110C4,B007XVTR3K,4
A36OT34BWUV59E,B007XVTR3K,5
A20XZQNHVICSE0,B007XVTR3K,5
A3D8VPZNKYIAP0,B007XVTR3K,1
A3LR81AANUOKXW,B007XVTR3K,2
A2HOCKOV7WTQ4H,B007XVTR3K,2
A33MA9PBGQBHT9,B007XVTR3K,4
A165GN0GCLZQD0,B007XVTR3K,5
A15IFSOBJXFKBH,B007XVTR3K,3
A2GBS30BHAC6QF,B007XVTR3K,3
A2LHO6GGEJHCQI,B007XVTR3K,5
AZATEPFCCVSX6,B007XVTR3K,5
A1RVMMSST87QFO,B007XVTR3K,2
A2ZQCO407QJF6S,B007XVTR3K,5
AQTOOM1ANYVWG,B007XVTR3K,3
ARFPGL7OEATYH,B007XVTR3K,3
AR5W3QXFGSEX,B007XVTR3K,5
AD90JPL3BUJA9,B007XVTR3K,1
A20C81Y0MPD6R2,B007XVTR3K,2
A1OP7W0BR9O9DU,B007XVTR3K,4
A1FDILRG951F6R,B007XVTR5S,5
A3H99DFEG68SR,B007XVTR5S,2
A26JPPFJ1WLTGY,B007XVTR5S,5
A1JGP9A78RN8FR,B007XVTR5S,5
A26ST9JAAIBB0U,B007XVTR5S,3
ANNMIZ68SJY7B,B007XVTR5S,3
A1QRSBXRDSASHO,B007XVTR5S,4
A121QGFIFPPXRI,B007XVTR5S,5
ANKT0J4BTN7TK,B007XVTR5S,4
A3E9Y6IBUXV41U,B007XVTR5S,1
A1F0URX6PPLYCC,B007XVTR5S,3
A2B8O2EXCGT9KV,B007XVTR5S,5
A1GNAY19FMRF9C,B007XVTR5S,5
AUK9KURLG0DM4,B007XVTR5S,4
A1UQQQFJMHJ18P,B007XVTR5S,1
A2834AZBQOKVM4,B007XVTR5S,3
A1DUJ2S9UW29UD,B007XVTR5S,5
A2WTHEAFA4O2XF,B007XVTR5S,5
A1HJB8T8LC1BYA,B007XVTR5S,5
ALIU93TWZIHFI,B007XVTR5S,4
A1YVQ8PUQV7M46,B007XVTR5S,4
A3T4FLC36KNXRA,B007XVTR5S,1
A1JX5W97QLK8ZU,B007XVTR5S,2
A1HHIUTZQ6QBNI,B007XVTR5S,5
A2TC9M0QL11QJ7,B007XVTR5S,4
A2XK0CZBDW8W9S,B007XVTR5S,5
A1WN5JAGOPL4PN,B007XVTR5S,5
A1H0SR83DDWD1Q,B007XVTR5S,3
A33TI3SYTQRAZR,B007XVTR5S,4
A1HFGH5NF7Y2KO,B007XVTR5S,4
APTZ7KINOC8D3,B007XVTR5S,2
A36X82VV95S49L,B007XVTR5S,1
A286BCNVHJ9H5F,B007XVTR5S,3
A3I74XXQM08W98,B007XVTR5S,2
A1D6L5H76KMV6P,B007XVTR5S,5
A3EP5613QLXMB8,B007XVTR5S,3
A5I5DXHUD6B6Y,B007XVTR5S,4
A2JXX1MFLMY79P,B007XVTR5S,4
A1L4B4J0MS93SR,B007XVTR5S,1
A35VJLAO2YDOID,B007XVTR5S,4
A3HY9CFMUXXFCG,B007XVTR5S,3
A23WYYRAFC9PW2,B007XVTR5S,2
A2DF6L1W8YCCJS,B007XVTR5S,3
A2622YAIN0OXLR,B007XVTR5S,4
AOG5IJS9T4HYR,B007XVTR5S,4
AUFKG7B4ETRLJ,B007XVTR5S,3
A2F84H8D2U0S95,B007XVTR5S,5
A3U4X6OWJO7PMB,B007XVTR5S,5
A1BNXH6FZP17MK,B007XVTR5S,4
A1CR8JGG5P5OB6,B007XVTR5S,4
A1WJV01NSB6S4P,B007XVTR5S,4
A3IUX3TC0X73TE,B007XVTR5S,5
A1NGE3OQJZHIM5,B007XVTR5S,5
A3G6WO2G49YJI6,B007XVTR5S,2
AM1UH589KPES6,B007XVTR5S,1
A2IDOKLAT1MP8X,B007XVTR5S,2
A2J1WHOXKZP5TN,B007XVTR5S,5
A2ZTUIWXR6FED1,B007XVTR5S,5
ADOJBL1B75PE3,B007XVTR5S,3
A2AIFTO18B813M,B007XVTR5S,4
A6KVBHAAA7U10,B007XVTR5S,4
AVPM5SFOWMOG4,B007XVTR5S,4
A1P5NROGKTSPVK,B007XVTR5S,3
A1E27AAKCGLD0F,B007XVTR5S,5
AUFQ3KOT6IF5S,B007XVTR5S,5
A1KTL3RGG0Z1DZ,B007XVTR5S,5
A2X1VQLBUCEPZC,B007XVTR5S,2
A1MVXNVH1RVMN7,B007XVTR5S,5
A10FM6KVOWX9Z7,B007XVTR5S,5
A8EJA4AMJNO6C,B007XVTR5S,2
ALC26P1LU94NV,B007XVTR5S,5
A2E1JB3DZI53EP,B007XVTR5S,5
A5SBQL4Q343NN,B007XVTR5S,1
ADZIGA5QB1SJQ,B007XVTR5S,5
A2G5HP0FJMZCCI,B007XVTR5S,5
AI8QKNWDPHQHF,B007XVTR5S,5
APSEPMN4LWRWN,B007XVTR5S,2
A11NG5FY5G9OAR,B007XVTR5S,1
AI5KY6LGLW3ME,B007XVTR5S,3
A066010017AGU5GEHA7TJ,B007XVTR5S,3
A1IDLS8HQVMNK,B007XVTR5S,5
A3QCCHF4TVH97P,B007XVTR5S,1
A1FY4XUA1C85M7,B007XVTR5S,5
A20HFME0STR9NU,B007XVTR5S,4
A1C1BUON208GI,B007XVTR5S,3
AZR177ZT61SMV,B007XVTR5S,5
A1YGBDZY889Z5W,B007XVTR5S,3
A22XZBCL5ZANET,B007XVTR5S,5
AAJTSTYREZJR7,B007XVTR5S,5
AP5XIC88VCMT5,B007XVTR5S,5
A19ZM9NAFLVW3B,B007XVTR5S,1
A2PVQR5PA7N2KT,B007XVTR5S,4
A91570B9XDDI0,B007XVTR5S,1
ABL6JUTWCLWTS,B007XVTR5S,5
A27VWFACYHH626,B007XVTR5S,5
AEUW6VD9XCVWD,B007XVTR5S,3
A13WON9OH81ZCM,B007XVTR5S,2
A08324222HTYZDE4L3F8Z,B007XVTR5S,3
A2NDN7ED08JTVT,B007XVTR5S,5
ADFLBRY00Y70G,B007XVTR5S,4
A3THL43Q9BIZ6H,B007XVTR5S,5
A3S1UN5UL0W2G6,B007XVTR5S,3
A3M82NO6OU1FHS,B007XVTR5S,4
A1FPP62Y3WLEB2,B007XVTR5S,4
A712TJ5820FAY,B007XVTR5S,5
AYRL0033UI557,B007XVTR5S,4
ADLDCTYS4ZFA4,B007XVTR5S,1
AM6XNTW6AMZI3,B007XVTR5S,5
A2OXSOOG2Y5HPP,B007XVTR5S,5
A156FQPJ2IERA8,B007XVTR5S,5
AX5O7AJMA503I,B007XVTR5S,3
AF43EA4KYROE6,B007XVTR5S,1
A3PZDYVDIRT8TG,B007XVTR5S,3
AZFDLE9AU87IM,B007XVTR5S,4
A3DDXG79A08BMV,B007XVTR5S,5
A3R24FK44DWTQE,B007XVTR5S,2
A19X304TW6ICC0,B007XVTR5S,1
A2CDKNR59EBOKA,B007XVTR5S,4
AOUJKUIYLY85N,B007XVTR5S,1
A1VDRTRYH1C2EO,B007XVTR5S,5
A2771A41BGQ6YZ,B007XVTR5S,5
A2SY22AYASAAGM,B007XVTR5S,5
A3D2LLNMKDAJOD,B007XVTR5S,4
A4BG416YX5366,B007XVTR5S,2
A1Y8LR054QA0XP,B007XVTR5S,5
A1KUKFI8NWFT57,B007XVTR5S,5
A195DR934GBF6Q,B007XVTR5S,2
AYWQGWFZD65B1,B007XVTR5S,4
A7ELNGMVRPYWO,B007XVTR5S,3
A2JJMCPGEE457T,B007XVTR5S,4
A21ZTW2SJOB3C8,B007XVTR5S,5
AJ9B8LDN4AKNX,B007XVTR5S,4
A1OCGM17X2REM,B007XVTR5S,4
A17EWM7CT97N8L,B007XVTR5S,1
ADSBJ8KBSYYR2,B007XVTR5S,3
A19JUY741R0B57,B007XVTR5S,4
A2CNSTD6GS5P75,B007XVTR5S,1
A1RZVOJT0TCL4J,B007XVTR5S,5
A2HIL92V4YXD1B,B007XVTR5S,5
AREU76LPTCR11,B007XVTR5S,4
A2HHYCD5L4WLV4,B007XVTR5S,4
ANMEIF5DAR1FV,B007XVTR5S,4
A7C86ODARX7YG,B007XVTR5S,5
ASAH67W5LWK3C,B007XVTR5S,5
AUWEKSKW8FGJB,B007XXEG5C,5
A3GSK4WXF23X2Z,B007XXEG5C,5
A3AR0QLII9YPU2,B007XXEG5C,3
A77A2OZA5ZW8B,B007XXEG5C,4
A2VCXIAWCPQ13P,B007XXEG5C,5
A104WER6UUDA2M,B007XYBUBE,5
AS3ZA8FGJZ50X,B007XYBUBE,4
A1I40E9Y199HS9,B007XYBUBE,5
A1ZV74CHKL3JFB,B007XYBUBE,4
A26OLAWL8RQNRN,B007XYBUBE,5
ACIHXKMZIHV7W,B007XYBUBE,5
A29CJR2LAN3LJ0,B007XYBUBE,5
AFJ2K9RQ8YUNL,B007XYBUBE,4
AFPVTHE4XOS3O,B007XYBUBE,1
ANMCYLK83J1BV,B007XYBUBE,3
A3FS75WMXKQZ8R,B007XYBUBE,5
A1ZMT3SPT0KUJL,B007XYBUBE,5
A3QB5GGUYO607J,B007XYBUBE,5
ALQIPOS17MU3X,B007XYBUBE,4
A3FHAI1S0BTW5K,B007XYBUBE,5
A3JASUJR86S9H,B007XYBUBE,5
A26IBCZ5XR0UZC,B007XYBUBE,4
A1HM2ZCADTZ297,B007XYBUBE,5
AQREATA01CZYL,B007XYBUBE,1
A1E27AAKCGLD0F,B007XYBUBE,3
A2SJONDOW2ZTZT,B007XYBUBE,5
A2U7HA20AQS8LM,B007XYBUBE,3
AZVUD1MEK6KPB,B007XYBUBE,5
A1RS0N9O7WCWUN,B007XYBUBE,5
A1MN87SEPCXY5H,B007XYBUBE,1
A3T6YK654FKS62,B007XYBUBE,5
A3L8ANRC1XYH8E,B007XYBUBE,4
A3QI63WBTTCNG6,B007XYBUBE,5
A267R436V1UBB1,B007XYBUBE,5
A2NAYEI9ZMG93A,B007XYBUBE,4
A29I2ROQP4QMMW,B007XYBUBE,5
A1VR1HIOVQWN09,B007XYBUBE,3
A5A01DIRHJFJU,B007XYBUBE,5
A18JWECFNASXX8,B007XYBUBE,5
A26EF0FFHL68HP,B007XYBUBE,5
A1A2JA2ZQ2M48,B007XYBUBE,5
A1RMVTKK7AZSE4,B007XYBUBE,4
A3BORQ8W6SWVDF,B007XYBUBE,3
A9QO1OU5EZ979,B007XYBUBE,4
A2BLQEV8TG4TLG,B007XYBUBE,4
A12XRMMPDPUPKH,B007XYBUBE,4
A2TBAUW2W7J538,B007XYBUBE,4
A2WSHVBB6HW7P3,B007XYBUBE,4
AA6K1PDOE130V,B007XYBUBE,5
AF43EA4KYROE6,B007XYBUBE,4
A17YRASSGAEALU,B007XYBUBE,4
ABWH7ZIOZLWO0,B007XYBUBE,4
A3GFH3L8QPVZAA,B007XYBUBE,3
A11XC38J4Y7Y0Q,B007XYBUBE,5
A2UJBOBEIK2YFR,B007XYBUBE,4
A956VDFUYAO40,B007XYBUBE,4
APD2EUMNVM4EO,B007XYBUBE,4
A2HHYCD5L4WLV4,B007XYBUBE,2
A1QG3JF3CN7QFQ,B007XYBUBE,5
A2RQP1BQ3LP0R4,B007XYBUBE,5
A223VUO371B0UO,B0088MVPRY,5
A1KY5PTH94QGTR,B0088MVPRY,5
A30YFBNQ52PISG,B0088MVPRY,5
AB61E244UTNPX,B0088MVPRY,5
A22VB5ACHHX8V6,B0088MVPRY,5
A22Z2PGZ3ZUEMP,B0088MVPRY,5
A34W59GPOUKU8L,B0088MVPRY,4
A12E0Y0J6584RT,B0088MVPRY,5
ADX1GGSC2H9HQ,B0088MVPRY,5
AP6GBFH0YNMRN,B0088MVPRY,4
A366K0NZ5LQIUC,B0088MVPRY,5
A1VTBADV3JS1EC,B0088MVPRY,5
A2OJCTT5WLB2HR,B0088MVPRY,5
A1GNYV0RA0EQSS,B0088MVPRY,5
A2OC0RLZF457YY,B0088MVPRY,5
A24RCBRDXRXR0Y,B0088MVPRY,4
A180J7WALAMAC3,B0088MVPRY,5
A3DIS5O83SQJWW,B0088MVPRY,4
A1P0JSFW184ZXJ,B0088MVPRY,5
A31OMU9Y9CYVOK,B0088MVPRY,3
A1W8YQMXDS4ARK,B0088MVPRY,5
A1SRQJBI81TAQY,B0088MVPRY,5
A2SD1Z4OROY538,B0088MVPRY,4
A105S56ODHGJEK,B0088MVPRY,5
A1BEKAQQGP8CMF,B0088MVPRY,4
A3MHYPRIB5X6DC,B0088MVPRY,5
A2UW2GTIBXVG9P,B0088MVPRY,4
A2G7LBCEOMUSOT,B0088MVPRY,5
A1G6MKZORYFPCJ,B0088MVPRY,5
A167KPMW1NBZJW,B0088MVPRY,5
ANYBAAQHJGLM3,B0088MVPRY,5
A1DW1FK1H3F2TM,B0088MVPRY,1
A209V1OUPBH5XP,B0088MVPRY,5
A2FRKEXDXDN1KI,B0088MVPRY,5
A3CB9JCA54E6OB,B0088MVPRY,4
A1IKO9BK69VPBJ,B0088MVPRY,4
A1GBT4UN2RW7XY,B0088MVPRY,4
A7EBK3C6JNE00,B0088MVPRY,5
A35XSGKV80CQ4N,B0088MVPRY,5
A3GCVZ1CZW36JU,B0088MVPRY,5
A2HKB624OOGRPD,B0088MVPRY,4
A2371LWD76LNBR,B0088MVPRY,5
A10HM5RQWS2RUW,B0088MVPRY,5
A21B8AV7E3MPXE,B0088MVPRY,4
A2ISHCCO6T3H6P,B0088MVPRY,5
A2IJ54FX1L83WK,B0088MVPRY,5
A2I9WSHWUBKGF1,B0088MVPRY,5
A38Q2EI3LM24VT,B0088MVPRY,5
A2YHOAR44KMU7S,B0088MVPRY,5
A3F9CMU8KNAY1M,B0088MVPRY,4
A1NP99HRFG94L,B0088MVPRY,5
A39VYRWLFTP5FI,B0088MVPRY,5
A1W504EUBQGKDL,B008D7F0UC,5
A1OQJGQNPR56P8,B008D7F0UC,5
A25RBGF9AZVHJ,B008D7F0UC,4
AJJU1GT46V2N6,B008D7F0UC,5
A3K0REVOU8YPUK,B008D7F0UC,3
AUZDK2QFE1WJH,B008D7F0UC,5
A1I95H0QLWJJY4,B008D7F0UC,4
A37JM9NKDD972Y,B008D7F0UC,5
A2W0RKURLBY46O,B008D7F0UC,4
A9LYDVN2G1585,B008D7F0UC,5
A5HUEE1HB4LDF,B008D7F0UC,4
A26I28QA7DC364,B008D7F0UC,5
A2FXAQB45P4DBT,B008D7F0UC,5
A17025K9INSF43,B008E6ZXA4,5
A1T2WAUYIROD1X,B008E6ZXA4,5
AFXTKAO0CB354,B008E6ZXA4,2
A36DWDSH2XWB31,B008E6ZXA4,5
A2E006SY0CTP5O,B008E6ZXA4,5
A3JC30J3G0MY9,B008E6ZXA4,1
A69YFHMI593R6,B008E6ZXA4,4
A10CTHRWD9P9IB,B008E6ZXA4,4
A1XIKZOVZA0W67,B008E6ZXA4,4
A128RJDCAJAT2Y,B008E6ZXA4,5
A20C81Y0MPD6R2,B008E6ZXA4,1
A2R91TY6BPPV5E,B008OQTUKS,5
A10SSD5CD4D1PP,B008OQTUKS,5
A24PAASFWCWYES,B008OQTUKS,4
A2D04GV8DESKC4,B008OQTUKS,4
ATOY5FOS6ZY0V,B008OQTUKS,5
A3LVFEG981ZQ74,B008OQTUKS,5
A361ISUEYCGSQ1,B008OQTUKS,2
A20C8LDQHZL56C,B008OQTUKS,5
A2XVB8X8HGEGMU,B008OQTUKS,3
A26HLRCAWRATKP,B008OQTUKS,5
A2BPSMUXMDEXK7,B008OQTUKS,5
A38Y6S4HFD7W08,B008OQTUKS,5
AKOV8N5JA7BJN,B008OQTUKS,5
A3TI2FTZN3YJV2,B008OQTUKS,5
AHAEH4NRTIQP5,B008OQTUKS,5
A17VQGPEGGSASI,B008OQTUKS,5
A12FZX32LABFYZ,B008OQTUKS,5
A2SDU5XT7IPK2V,B008OQTUKS,1
A1MF0BC2UPLTHB,B008OQTUKS,4
AENULRBQ2IE5I,B008OQTUKS,5
A2M7G89B9WKLG9,B0098PLPOI,1
A1SRJM78LNUXWW,B0098PLPOI,5
AV00WFBKK43X2,B0098PLPOI,2
A1NRCHRSDXYFW5,B0098PLPOI,5
A4YBGSOO40N0G,B0098PLPOI,2
A3KWPA8Q5JNGVK,B00A2Z50KI,1
A1TXQ0GE84ZZDQ,B00A2Z50KI,4
A1ZI9XVM7RK8MA,B00A2Z50KI,5
A38M8BN5WINWW5,B00A2Z50KI,5
A1XFL14G3VY1Q3,B00B29S1JK,1
AQUVTQFFXP4AC,B00B29S1JK,5
A32ZCKX3CX1T55,B00B29S1JK,5
AP775P72XDHZ9,B00B29S1JK,5
A2BKA5FT0Z19GT,B00B29S1JK,5
AF6W72VAF75F4,B00B29S1JK,5
A182E36CMQ6JEA,B00B29S1JK,5
A34FI4T4RR06CN,B00B29S1JK,4
AWQZMWRTLN817,B00B29S1JK,4
A1ISPS5HL554ZF,B00B29S1JK,3
A346DGJJUQQUCX,B00B29S1JK,3
A1Q5MVTOJAZ441,B00B29S1JK,5
A1WDKTBMZCUAM5,B00B29S1JK,5
A1W4APRYU91U12,B00B29S1JK,1
A13T4T3QOSII3I,B00B29S1JK,5
A3V0WQH80P96RN,B00B29S1JK,5
A3UXODAE28SZFA,B00B29S1JK,5
A3TMT32FFX3Y14,B00B29S1JK,5
A3FSXV6NRBCVCU,B00B29S1JK,4
ABWQ60OWFK0SP,B00B29S1JK,4
A22TDUGDO0LBT4,B00B29S1JK,5
APQ617A8NTIO8,B00B67ZTUW,5
A123RHXIWIH4D6,B00B67ZTUW,5
A3B5O6U3UZMY3B,B00B67ZTUW,5
A3G32CDOGAECMI,B00B67ZTUW,3
A2YKRLLZNJ3Q8P,B00B67ZTUW,4
A3OGZXGZ0E9D1U,B00B67ZTUW,5
A29QRWMS33GVQD,B00B67ZTUW,5
A3PDYHA2GC9AW1,B00B67ZTUW,5
A2FXBWR4T4OFQ,B00B67ZTUW,5
A10W3HX5GMJ444,B00B67ZTUW,5
A30PY7CVBQ3B70,B00B67ZTUW,5
AHKIKA78DA94Z,B00B67ZTUW,5
A33VTX7Q0LH8Z5,B00B67ZTUW,3
A3JDQBVW076GJR,B00B67ZTUW,5
A1H1L5GGIPHVOT,B00B67ZTUW,5
A22EKU0SY1QMFW,B00B67ZTUW,5
A1JCVVDJAMWHR3,B00B67ZTUW,2
A8WQ16OTORRHV,B00B67ZTUW,5
A2NCZWXT116TKZ,B00B67ZTUW,5
A3SF4HPCLFC2GI,B00B67ZTUW,4
AUDHQPHGHDJWI,B00B67ZTUW,5
A1JK8VWBKGH8NL,B00B67ZTUW,4
A1VDDT4JSHQJXL,B00B67ZTUW,5
A1S9RPFXZEAVQE,B00B67ZTUW,5
A2NZV139T2WC9G,B00B67ZTUW,3
A1SWMXOOZZU9H1,B00BAWXD88,5
A1V5LJMQT1VS2Z,B00BAWXD88,5
A1DJYWUWMWXN7D,B00BAWXD88,2
A3NWI18O3M9BXF,B00BAWXD88,4
A2ZEZT9NOVALEA,B00BAWXD88,5
A1LLBSF024FIVK,B00BAWXD88,5
A321CGNKNMYU9N,B00BAWXD88,5
A2JLB51THPBTU0,B00BAWXD88,5
AXRL8HCUAUAIM,B00BAWXD88,5
A29RLAN74OKEVJ,B00BAWXD88,5
AJR0DBXO3Q0OB,B00BAWXD88,5
A3NKX2DI1J08RE,B00BAWXD88,5
A2JCLGVXM5PNL2,B00BAWXD88,5
A1WBE10OIBHI91,B00BAWXD88,5
A1VJX9LLHAPQN7,B00BAWXD88,5
A7GL3GC55NAWH,B00BBF2TO8,4
AWE3KRBG43OEF,B00BBF2TO8,5
A3BMUBUC1N77U8,B00BMFIXOW,5
A2SW3597JGEJ6V,B00BMFIXOW,5
A1STQHPSN9842V,B00BMFIXOW,5
A1SS6D6F9C15O1,B00BMFIXOW,5
A19WVV9S53138B,B00BMFIXOW,4
A2EPYAWX8OG473,B00BMFIXOW,5
A35E1YUD3W0XN3,B00BMFIXOW,5
A280T4BZCXLHPI,B00BMFIXOW,5
A3QEOCWU1N5X50,B00BMFIXOW,5
A3G0JIJ0K7ANPV,B00BMFIXOW,5
A1ALU5YIH57S5B,B00BMFIXOW,4
A1V7M066XFKFEY,B00BMFIXOW,5
A22DKQT5IHN5RK,B00BMFIXOW,5
AG8UWL56LLU35,B00BMFIXOW,5
ALYSDURC3QYFC,B00BMFIXOW,5
A1GWL4XS2ZXGG8,B00BMFIXOW,5
A36CBL7N0P3BIT,B00BMFIXOW,5
A2VCVHMUHWSVL9,B00BMFIXOW,5
A3DYRYEFQX0Z1L,B00BMFIXOW,5
AFPD2HBWQTA2C,B00BMFIXOW,5
A1GLOKCG1HQSIH,B00BMFIXOW,5
A4R4YFQ5VIWFW,B00BMFIXOW,4
AWFYX5UOLY5IU,B00BMFIXOW,4
A28Q8MUIS2IICC,B00BMFIXOW,5
A2DF6L1W8YCCJS,B00BMFIXOW,5
A1Z5RFY5AYTSP9,B00BMFIXOW,5
A3NXTDTC774XSK,B00BMFIXOW,5
A13LDOH2E6GWSR,B00BMFIXOW,5
A1M3RJKQ0RMKWZ,B00BMFIXOW,5
A1AJJP1IUL82LV,B00BMFIXOW,1
A3BBAOR3UEI08T,B00BMFIXOW,5
A38IVDBV0842E0,B00BMFIXOW,4
A2CDXFRLL60P6W,B00BMFIXOW,5
A3FHAI1S0BTW5K,B00BMFIXOW,5
A2GXE79EG55Y6T,B00BMFIXOW,5
AX1GYLCAS0LOV,B00BMFIXOW,4
A23Z9OL12GTGM0,B00BMFIXOW,5
ALD7RQ0U938WL,B00BMFIXOW,5
A1MBHOQDVWBTZ7,B00BMFIXOW,5
A6MPLZTC2IPC0,B00BMFIXOW,5
A1X6Q52ZQFMLDR,B00BMFIXOW,5
A2WWV0K7B2SRUY,B00BMFIXOW,4
A3J5ESON0GBJZE,B00BMFIXOW,5
A3SZEYY6ELTTJK,B00BMFIXOW,5
A2MUBE1U9Q6Z5Y,B00BMFIXOW,5
ALSF01BYJMVUF,B00BMFIXOW,5
A3GAQ8EHA5RNXZ,B00BMFIXOW,4
A1MWYBP3OZBXFV,B00BMFIXOW,4
A29D6048JVIT6G,B00BMFIXOW,5
A1HD4A4YY2I7TO,B00BMFIXOW,5
A143QAZ6SCDUQV,B00BMFIXOW,5
A1RS0N9O7WCWUN,B00BMFIXOW,5
A2WU2WW034MN0C,B00BMFIXOW,4
A2N9FNQFPMPWL1,B00BMFIXOW,5
A13RYD26OASOWN,B00BMFIXOW,5
A3QI63WBTTCNG6,B00BMFIXOW,5
A1FGRKYIAEAZLM,B00BMFIXOW,4
A18B8YXACKT9S9,B00BMFIXOW,5
A32CV2U7QOOEIJ,B00BMFIXOW,5
A2KAPHYXZQCURI,B00BMFIXOW,5
A2SPZP1PYXBR28,B00BMFIXOW,5
AAZ6KOI7QQ304,B00BMFIXOW,4
A3FWUJXSIIKHIX,B00BMFIXOW,5
A1AL3R2W7SUME4,B00BMFIXOW,4
A1W7O46C36QMF6,B00BMFIXOW,5
A1X4UBUSYF36SO,B00BMFIXOW,4
A22BAUES1TIZS6,B00BMFIXOW,5
A1OETQA3M76VHN,B00BMFIXOW,1
A3V1A3C9DTLPME,B00BMFIXOW,5
A1WRTKJTS8ZRTK,B00BMFIXOW,5
A1LP4VUTCPME2F,B00BMFIXOW,5
A092474216WHDJ665DVDE,B00BMFIXOW,5
A3RSNGI0VT9KJY,B00BMFIXOW,5
A3CGW9UXYV2B4G,B00BMFIXOW,3
ANCLQ9RVLHR14,B00BMFIXOW,5
A2BBMJF4IIC98D,B00BMFIXOW,5
A3D2LLNMKDAJOD,B00BMFIXOW,4
A3F67YZNFDY6YI,B00BMFIXOW,5
AGI2D7E5S8FGV,B00BMFIXOW,5
A2J8HD7HS4M8J4,B00BMFIXOW,4
A1ZHQBJ9GKLQUV,B00BMFIXOW,5
A17NCQVBGFNYLV,B00BMFIXOW,5
AKMNVUNZT372N,B00BMFIXOW,4
AM2PAP6COUV5J,B00BMFIXOW,5
ADHNXAGJWB4O6,B00BMFIXOW,3
A1TXEMVNBAPXSR,B00BMFIXOW,5
AE4YM2QHPW5MJ,B00BMFIXOW,5
A3M0M5LLJI1G8D,B00BMFIXOW,5
A1VJX9LLHAPQN7,B00BMFIXOW,5
A39P2ERY88P4M5,B00BMFIXOW,5
A27ER12YSUYXW8,B00BMFIXOW,3
A1AO2EHLZU2PM9,B00BMFIXOW,5
A3SIHECXC3WFD0,B00CMQTVUA,5
A2EKJH3RCLUVPB,B00CMQTVUA,5
A29FUUTYWJGVZT,B00CMQTVUA,5
A1BIS6FID9J16M,B00CMQTVUA,5
A2YRAHO008GP94,B00CMQTVUA,5
A2JCBQPZZMZG64,B00CMQTVUA,4
AN2N044D4XOA6,B00CMQTVUA,5
AHWDHH3MPRLFV,B00CMQTVUA,5
AI3OUM9QZHIAZ,B00CMQTVUA,5
AI0BFS7A8GDXA,B00CMQTVUA,4
A9GSC79YK20EX,B00CMQTVUA,2
A23PZFT5ZKN1NA,B00CMQTVUA,5
A2SKIF8TEWOIMY,B00CMQTVUA,5
A2OT3SVQR3G21H,B00CMQTVUA,1
A1M4VJBU212GLY,B00CMQTVUA,3
A24QMIP28MCNON,B00CMQTVUA,5
A3QDFB37T18WEJ,B00CMQTVUA,1
A21C0WVXN34S6F,B00CMQTVUA,4
A1V46VHNI19FSW,B00CMQTVUA,3
A3OI5CNXLWL9IN,B00CMQTVUA,4
A26R1GJD753ID,B00CMQTVUA,5
A136MYCSZAXWB6,B00CMQTVUA,4
A2RJ3PAV13LBT,B00CMQTVUA,1
A1ZLZOADXFMS9P,B00CMQTVUA,5
A1KSOVHCQT6XS8,B00CMQTVUA,4
A1DZ5XRO54U9ER,B00CMQTVUA,5
A3RSJUKF4QH54A,B00CMQTVUA,5
ART8WQB7LO0UL,B00CMQTVUA,5
A3NGWXOC1VY4YY,B00CMQTVUA,5
A2ASGMM5JWKQ1G,B00CMQTVUA,1
A35FARN01BHPFA,B00CMQTVUA,4
AD15IGWYALYXL,B00CMQTVUA,5
A3FYJAFHTXVFWL,B00CMQTVUA,5
A1J2UC5JUSVP1Q,B00CMQTVUA,1
A27S3EKWYSFRJZ,B00CMQTVUA,5
A1MDDJOC67GZCH,B00CMQTVUA,5
A2FMZMRD0ZLYV8,B00CMQTVUA,5
AAYHUZ1MX7UDA,B00CMQTVUA,5
AIHQ4AXV5CT9N,B00CMQTVUA,4
A2O96COBMVY9C4,B00CMQTVUA,4
AQ7IE1HDACY3D,B00CMQTVUA,4
A3BG1WS891SIVW,B00CMQTVUA,5
A14OKD0J24VOGI,B00CMQTVUA,3
A21ER5XBI6QFYY,B00CMQTVUA,2
A3MCPMESA2FQT8,B00CMQTVUA,4
A37P3IV8758KUL,B00CMQTVUA,5
A2OGF6RVF8G8U2,B00CMQTVUA,5
A2CO7EZFR04JXZ,B00CMQTVUA,5
A1MRL66BXLXD1A,B00CMQTVUA,5
A3MEMYHUBZ4WFJ,B00CMQTVUA,5
A3AF8GQGBCEO73,B00CMQTVUA,4
A30XZK10EZN9V4,B00CMQTVUA,1
A130D9ULBKIXL2,B00CMQTVUA,5
A2ZFWG64U1B8LS,B00CMQTVUA,1
A35HCI80CIY1MD,B00CMQTVUA,5
A2LLHWBDBG76E8,B00CMQTVUA,5
A26SDA3ZQBTUPW,B00CMQTVUA,5
A3HJIYNJ5TNNYV,B00CMQTVUA,5
A1AJJP1IUL82LV,B00CMQTVUA,1
AKWXXUJUM197U,B00CMQTVUA,1
AOXMNP16RWUMX,B00CMQTVUA,5
A1B2GQZ8PF8W06,B00CMQTVUA,2
A1TJPTVZN6BNTK,B00CMQTVUA,4
AU9UCHGVY2BHF,B00CMQTVUA,5
A7U6R8SWJCYR3,B00CMQTVUA,4
A15I5MDVBVIFHL,B00CMQTVUA,5
A329ECJDNOMU0Q,B00CMQTVUA,4
A2MT2WZBDO2TAK,B00CMQTVUA,4
AR9QFO66FSPBK,B00CMQTVUA,4
A3EUF93JE7D0DK,B00CMQTVUA,4
A39X4FB4KEDA4D,B00CMQTVUA,3
A1HCF8H0SAAY03,B00CMQTVUA,1
A16PO950L6CX8W,B00CMQTVUA,1
ARKOMA6URSWA3,B00CMQTVUA,4
A2I9ABXL2I0G3W,B00CMQTVUA,1
A357A1TI51VT1S,B00CMQTVUA,5
A3RQZ1J5F5G104,B00CMQTVUA,3
A15O4QPZ64HEFO,B00CMQTVUA,1
A31F7SGJBPAIBS,B00CMQTVUA,5
A3SMO4R9IN85NX,B00CMQTVUA,4
A197CFV79V331Z,B00CMQTVUA,5
A2VIAB728UKYLK,B00CMQTVUA,5
AAAN1VERYSDMT,B00CMQTVUA,1
A2PGDPETGCEGF,B00CMQTVUA,5
A3FOR61MN0LLWW,B00CMQTVUA,5
AK6K0BD09Q8EO,B00CMQTVUA,5
A2W6ZLT7EQF181,B00CMQTVUA,5
A1OYHCMA96BF1S,B00CMQTVUA,1
ACYA78VLEA1HM,B00CMQTVUA,4
ABSYIF0ONC2AF,B00CMQTVUA,4
AAZSJ3MK8BZKX,B00CMQTVUA,5
A1DFD9203PAU00,B00CMQTVUA,1
A3GPONPHJNCVH0,B00CMQTVUA,5
A1MQFZ8JCE4TQE,B00CMQTVUA,5
A7FO12VG569TT,B00CMQTVUA,4
A28IBOLVCSQRLQ,B00CMQTVUA,5
A1LEZ2R6RERVAB,B00CMQTVUA,5
A3C3XEZQMNNMPW,B00CMQTVUA,1
A2TO0PX4ISXGBR,B00CMQTVUA,3
A1BMU7MGA3UUO6,B00CMQTVUA,4
A1IEYK9MBBZBDK,B00CMQTVUA,5
A2WMSC8LEV39BS,B00CMQTVUA,5
ADID6KJPM3KSN,B00CMQTVUA,5
A1CYKFUPE5ZGBA,B00CMQTVUA,4
A1PIY9TCXXFOXM,B00CMQTVUA,1
A2FN15S8QI5QDU,B00CMQTVUA,5
A2D47UIAJD2IFP,B00CMQTVUA,5
A3GSMD3LG5RMSV,B00CMQTVUA,5
A17F5B5PK6WYXR,B00CMQTVUA,3
A1QXHBJAIHWQ2P,B00CMQTVUA,4
A26EF0FFHL68HP,B00CMQTVUA,1
A3RPNJODORTLRB,B00CMQTVUA,5
A2KSQU0QWQI7LW,B00CMQTVUA,1
A2WINYF389D4D,B00CMQTVUA,5
AK5DN3849T4S,B00CMQTVUA,5
A3A7OM8311943J,B00CMQTVUA,5
A12XS5AWVCT30G,B00CMQTVUA,4
A3IDTO5OB10UDB,B00CMQTVUA,5
A1S2M6SA4OAUNK,B00CMQTVUA,4
A2P2R523TW0XQR,B00CMQTVUA,5
A3RB1YBMJZXA8U,B00CMQTVUA,5
A25NSTXNN16KG8,B00CMQTVUA,1
A3PRTPSAW8ZE5J,B00CMQTVUA,1
A2RYQ6AYGUBCUX,B00CMQTVUA,1
A2IPWOIK2GJ0RE,B00CMQTVUA,5
A1F4JQCWE9YA3V,B00CMQTVUA,5
A2NOW4U7W3F7RI,B00CMQTVUA,5
A3O77HLGKGA1QD,B00CMQTVUA,3
AU065M4C0BOT7,B00CMQTVUA,4
A1VOMZCO8KRUNY,B00CMQTVUA,5
A2WHKH9YTC2PZX,B00CMQTVUA,3
AG2U1NI7EZ5V,B00CMQTVUA,5
A3D8VPZNKYIAP0,B00CMQTVUA,5
A2DHZDX3XF3V0C,B00CMQTVUA,2
A1DLZWD19G9D4H,B00CMQTVUA,2
A1HHY5HIBO81SN,B00CMQTVUA,1
ADHNXAGJWB4O6,B00CMQTVUA,3
AX3XUYHA1PBVV,B00CMQTVUA,1
AVFJ79SGGURUG,B00CMQTVUA,4
A36P0QUT4TWPUR,B00CMQTVUA,1
A1S4XGJRNC28SF,B00CMQTVUA,5
A2G06SNNSNP419,B00CMQTVUA,4
ATUG7E52EOXF8,B00CMQTVUA,5
A3VH4H3J75UY79,B00CMQTVUA,2
AM9K263JQJL7L,B00CMQTVUA,1
A19I8UUGM3NA49,B00CMQTVUA,5
A18YC01YA6FJZC,B00CMQTVUA,3
APEBDO71D088Z,B00CMQTVUA,5
A2OR7C5CCGKQY1,B00CMQTVUA,5
AA62NQO5MWFR1,B00CMQTVUA,2
A2NQ3RE29MNRG6,B00CMQTVUA,5
A2BQYX3VAC63X7,B00CMQTVUA,5
A1M19BGTJ5PI1I,B00CMQTVUA,3
A2A343S6QIJ00J,B00CMQTVUA,5
A1CTFHTKNACDLV,B00CMQTVUA,5
A1IXIEBGEDW2V6,B00CMQTVUA,5
A2KSCRBBJXWL3M,B00CMQTVUA,5
A2E1G1R90G50HN,B00CMQTVUA,5
ANAT6NZGOAZGD,B00CMQTVUA,5
A9ROX9KRWZ9ZS,B00D7NQP9M,5
A3DNOD30WHJ68N,B00D7NQP9M,4
A1RR6SRZ8LWFVN,B00D7NQP9M,4
A3KQG182PSXR0E,B00D7NQP9M,5
AI0BFS7A8GDXA,B00D7NQP9M,4
A33WABE8ZK72FM,B00D7NQP9M,5
A2X1DHIME3NIBK,B00D7NQP9M,5
AY90FJTN2GSHX,B00D7NQP9M,5
A1LAQRP502MHEM,B00D7NQP9M,5
AZY1N2YRSROMQ,B00D7NQP9M,5
AFR5VAMEUGJD7,B00D7NQP9M,4
A6Y5N0WJ28MTE,B00D7NQP9M,4
A143SVZKA3TTWB,B00D7NQP9M,5
A2ZA3T5KKEXHIU,B00D7NQP9M,4
ANS4D31A1SHTE,B00D7NQP9M,5
A243QU0J14OWYG,B00D7NQP9M,3
AH7LZBPUE3E0O,B00D7NQP9M,5
A10YMY9ZUFBL1P,B00D7NQP9M,5
A2WO7CURD15SXG,B00D7NQP9M,4
AY4HXCO6Y4GM4,B00D7NQP9M,5
A20RQURBI32DTP,B00D7NQP9M,5
A2NK8LE3T7H1D7,B00D7NQP9M,5
A2Z7UOGHVYUKBZ,B00D7NQP9M,5
A22XAVS495JQ4H,B00D7NQP9M,5
A530OA3JKEODR,B00D7NQP9M,5
A35ZKRJXQEMY33,B00D7NQP9M,5
A31F7SGJBPAIBS,B00D7NQP9M,5
AMJEE733AFRL3,B00D7NQP9M,5
AXWN33G1RCG7J,B00D7NQP9M,3
A2YEN7YBEC1TZH,B00D7NQP9M,5
A2I0965N75NTT,B00D7NQP9M,5
A3VKB2Y79XZXVT,B00D7NQP9M,5
AKV87H8H5TYQD,B00D7NQP9M,4
A1Y427YVDG91B1,B00D7NQP9M,5
A317WDZ4WBRBLJ,B00D7NQP9M,2
A2JBWGFRJ05Z8D,B00D7NQP9M,5
A164SHYQIKTTCQ,B00D7NQP9M,5
A2GE1QIP9RJHZI,B00D7NQP9M,5
A25NSTXNN16KG8,B00D7NQP9M,5
A1YENIIAEB5HK7,B00D7NQP9M,2
A3ECJDMHMRNFF7,B00D7NQP9M,4
A3TRXTGL7QP49R,B00D7NQP9M,4
AUN67E4FFOX18,B00D7NQP9M,4
A1MHB1HRR6VPEH,B00D7NQP9M,1
A6WEU6VVV0R5S,B00D7NQP9M,5
A1711PPDF8ZA29,B00D7NQP9M,4
A2U7NVNFQUYYNI,B00D7NQP9M,5
A1XWZI706IR3PY,B00F3FVLWI,5
A2OOR605L7T9EB,B00F3FVLWI,4
AD15IGWYALYXL,B00F3FVLWI,3
A3L5M0YELNL1AD,B00F3FVLWI,5
A3BG1WS891SIVW,B00F3FVLWI,5
A108FGYCF9IEQO,B00F3FVLWI,2
A310B8OFSNA5K5,B00F3FVLWI,4
APE1EX1BNN30B,B00F3FVLWI,5
A227A5EE6ITYNF,B00F3FVLWI,5
A25Y5ZHHTYO9N4,B00F3FVLWI,5
A2W3WLQ1KRO0Q8,B00F3FVLWI,5
A2ERJQ6T0RCLDG,B00F3FVLWI,5
AGUM7IQKKT3IH,B00F3FVLWI,4
A3OQXZ0GZDJ3IA,B00F3FVLWI,5
A1WZF8GPATLHLF,B00F3FVLWI,5
A1OGSKBX5J13CJ,B00F3FVLWI,5
ABMR2VMT6EOOF,B00F3FVLWI,5
A3BXC0TUKI5F96,B00F3FVLWI,4
A2DXI4CYHMJE7T,B00F3FVLWI,3
AAM23JILCWVIP,B00F3FVLWI,4
AFTJGKMPC7A6G,B00F3FVLWI,5
A12W8CVKSKTVBD,B00F3FVLWI,5
A1NP99HRFG94L,B00F3FVLWI,3
A2TTV1KIZR7J11,B00F3FVLWI,5
A1TZGFNVJEVFPV,B00G0OYHCW,5
ATGHCRAAL3YE5,B00G0OYHCW,5
A2QL1HELUMR8XZ,B00G0OYHCW,5
A1P2BXN8E1EYN8,B00G0OYHCW,5
AGS4ULE8ZABC3,B00G0OYHCW,5
A2KSTUMGB5EWD5,B00G0OYHCW,5
AHHDD69WS5KC7,B00G0OYHCW,5
A2DJN3E5ECCJ81,B00G0OYHCW,5
A2QUSQ4C9XQBFY,B00G0OYHCW,5
A1QHVJVIOIQWJ8,B00G0OYHCW,5
A2EO56IXBKOWV,B00G0OYHCW,5
A3B23E9UAR2SZE,B00G0OYHCW,5
A1GBT4UN2RW7XY,B00G0OYHCW,5
A1H4NFXAJQRQ2K,B00G0OYHCW,5
A1ICREREXO9J81,B00G0OYHCW,5
A1AM2L0ZU0A5SA,B00G0OYHCW,5
A3VVMIMMTYQV5F,B00G0OYHCW,5
A1H7H3LYBSJ2BX,B00G0OYHCW,5
A3ER6ARJ23CIN8,B00G0OYHCW,5
A2ADNNOZZHN5L5,B00G0OYHCW,5
A1MN87SEPCXY5H,B00G0OYHCW,5
A10YODOESQX328,B00G0OYHCW,1
A19MFGJFQPLLDN,B00G0OYHCW,5
A3ETZ7QYVUOW1J,B00G0OYHCW,4
AZ0J176534PON,B00G0OYHCW,3
A2NIUAROUG07GY,B00G0OYHCW,5
A1I735ZMSL9ZDR,B00G0OYHCW,5
A6VQ9BDAA4GCB,B00G0OYHCW,4
A1PEFBNGZD7AAC,B00G0OYHCW,5
A13B60E09324K7,B00G0OYHCW,5
ASJ4ULPCNGFNV,B00G0OYHCW,5
A3E34Q55K110C4,B00G0OYHCW,3
AR1NP84PU84D4,B00G0OYHCW,4
A11548ZOIDAELN,B00G0OYHCW,1
A1MHB1HRR6VPEH,B00G0OYHCW,1
A2RP7K93PYW9Q7,B00G0OYHCW,5
A2KSCRBBJXWL3M,B00G0OYHCW,5
A2IOIRK1CSRTDC,B00GOOSTFE,5
A6C0QCBORL39D,B00GOOSTFE,5
AX9YS48XDC78A,B00GOOSTFE,5
A1WJW2OIR5BZ58,B00GOOSTFE,3
AV1J6Y6DS8SJ7,B00GOOSTFE,5
AHI5NX56UPT14,B00GOOSTFE,4
AAAN1VERYSDMT,B00GSR47F8,1
A1VZRJ5VFI29LL,B00GSR47F8,5