AYN3DEOX88S7I,B000035Y6D,5
A1DESHH2QU1FV4,B000035Y6D,5
A1F1Y66CV2UMSC,B000035Y6D,4
A30OIZ12OGKX15,B000035Y6D,5
A2U1HC37G5CEQ6,B000035Y6D,5
A1JAICBAZ3YHF1,B000035Y6D,5
AMGVWVLJU4B99,B000035Y6D,4
A1BOGEQ3FLZDKY,B000035Y6D,5
A2AHFMRKVNC3S4,B000035Y6D,5
A1PD1SZE97IYN,B000035Y6D,5
A2WTO0ST2SUUY9,B00003OTI3,2
A27D3F4MGHKN5V,B00004U4RF,5
A2HFZUVRPXFJWF,B00004U62A,5
A1LJ6MIXVEHPMH,B00004U62A,5
A23ZUK1J474V80,B00004Y57G,5
A18NQZS6ETRFKX,B00004Y57G,5
ARETNQQC8W3IU,B00004Y57G,5
AZYU8M791SIFC,B00004Y57G,5
A2MYU37X2I8L7I,B00004Y57G,5
A36UVCB0F11P5X,B00004Y57G,4
A20CNK7V4A2NER,B00004Y57G,5
A2C6MKT9HL2GJH,B00004Y57G,5
A32Q36SLF97PGO,B00005BISH,5
A22PBDF7OQ99E4,B00005MA97,5
A289NRXIUI2KOL,B00005MA97,5
AYB7JFPEL3LSC,B00005MA97,5
A2C9TZCSWW0B3K,B00005MA97,5
AKUDXZUFDO9ML,B00006IJJG,4
A3OM1G92C2Z4EK,B000093NQG,5
A3OUSPVVF7FHWN,B00019AZBO,4
A38JS86CCLBVOY,B00019AZBO,5
A3OTHWG8LLCLMU,B00019AZBO,5
A3J1HCPHRUVFJQ,B0002IBEFA,5
A2GUP3FTLCYYT2,B0002IBEFA,3
A27Z9FV4D0EYHT,B0002IBEFA,5
AC0EP89N3CVF2,B0006GBCZU,5
A2S17QZKM5GPBH,B0006GBCZU,4
A37DMYQVT0GZLD,B0006GBCZU,5
A2Q1GDU4W1CXA7,B0006GBCZU,1
A1Q2HOKUDHW4QG,B0006GBCZU,5
A24PV6WH2ZNW4N,B0006GBCZU,5
A35BKVNMWXQJER,B0006GBCZU,5
AH56RWPKFHA8L,B0006GBCZU,5
A1PSOVIQK992SV,B0006GBCZU,4
A3M9S1IRW6ZV8Y,B0006GBCZU,4
A10651BV3W39GM,B0006GBCZU,5
A1Q0Q7CZMLYRCE,B000E2D3LC,5
A3F10TTN54PLF9,B000E2D3LC,2
A36LT58X5GZV68,B000E2D3LC,5
A3AIPY438KNXUS,B000E2D3LC,4
A2RTEM8DEXTU00,B000E2D3LC,2
A386OP2O7Z5Y5L,B000E2D3LC,3
A1Q2QSS0W29DTM,B000E2D3LC,5
AXDREET869SAI,B000E2D3LC,5
A1Z1ZW6KYX419,B000E2D3LC,5
A10DWGX7ZBM7EQ,B000E2D3LC,5
A20QMISU4S0XRC,B000FQBPDU,5
A394DOIBX2VTUO,B000FQBPDU,5
A36UKFV79879MD,B000FQBPDU,5
A3HORVSI2I23YR,B000FQBPDU,4
A2HC18LRW8773H,B000FQBPDU,3
A2JM83X18KJOYC,B000HX1P72,5
A1ZXMMYRVPI1KC,B000HX1P72,4
A1TKDHV7V1QEI7,B000HX1P72,5
A1G5FHPI3IBMOU,B000M17AVO,5
AEXNFDTRRKDWF,B000M17AVO,5
AEZJTA4KDIWY8,B000M17AVO,4
A12RIRFPS7GZE8,B000M17AVO,3
A4O5GYLGGCFG7,B000M17AVO,4
A3F8T3BRXRX5P3,B000M17AVO,4
A12WJNGBYADQUS,B000M17AVO,2
A1Q42UHPQ6697Z,B000M17AVO,4
A2EJ05Q7TYG67R,B000M17AVO,5
A2V7UZ3M0I2376,B000M17AVO,4
A2NOBI4U8Q3LF7,B000SQ5LPU,4
ACSEVXT6SHGTB,B000SQ5LPU,5
A1HSO763RXMYOH,B000WCQX2U,5
A5FCUHSO1ICNN,B00140R0XK,4
A1U5X5HJV5A6P5,B00140R0XK,5
ANMCXEL3A1B39,B00140R0XK,5
A325TSWX3H1W4K,B00140R0XK,1
AIRPZU3D43DNN,B00140R0XK,5
AFM9LKET50RZ4,B00140R0XK,5
A274X2LDAXUCA7,B0016BVY8O,5
A1VBQI5NOJRGJ6,B0016BVY8O,5
A2K4RT3JXF8WJ6,B0016BVY8O,2
A1K0VY2ZJFIDOB,B0016BVY8O,5
A3D30BRSOZEW1R,B001AZFSEC,4
A51GU5MRE94JT,B001C6GVI6,5
A3VTFF0V0OIHA,B001C6GVI6,5
A1FAZ9PFEMVG04,B001C6GVI6,4
A1EH5M0DTC2BZJ,B001C6GVI6,5
ATXHR25M4UOJJ,B001C6GVI6,5
A2GIY7N5BFLGIV,B001CXYMFS,4
A2PG7XXTH76B9F,B001CXYMFS,5
AU6ET22C0LUZW,B001CXYMFS,4
A1P2YX0LSZCTPL,B001CXYMFS,5
ANJ38RBU91LDV,B001CXYMFS,5
A3AJ5HBSWCAUWY,B001CXYMFS,5
A1X55XRZR3JS0E,B001CXYMFS,5
A9GK1UXBH4TUG,B001CXYMFS,5
A1NFFTOPMXWTPL,B001CXYMFS,4
ARPEZ3KXLFK8K,B001CXYMFS,3
A1QFFZSDRFZBRX,B001CXYMFS,5
A2Z50R0BIF2FRH,B001CXYMFS,5
A3S9NB8XPK1T74,B001CXYMFS,5
A3BTBIV6N9BZFR,B001CXYMFS,4
A268PYG9RXUYLL,B001CXYMFS,5
A2QC6RHD6VJJ34,B001CXYMFS,5
A39X42CXSE8Q1L,B001CXYMFS,3
A2W8P3W8GAMXDB,B001K7HV3Q,4
A36ULDD46DYUOZ,B001K7HV3Q,5
AHQOZ7XHH9EZC,B001K7HV3Q,4
A1CSDYINERDFGB,B001K7HV3Q,5
A1FHM88EC4CL0F,B001K7HV3Q,4
A369U77JKIKZG2,B001K7HV3Q,5
A3FTBQV05140K5,B001K7HV3Q,1
A8R4CLFEV2WS7,B001K7HV3Q,3
A9XC7UJT9ODOR,B001K7HV3Q,2
A34GZY8YXLSDWC,B001K7HV3Q,5
AHD9HMKWXGIUZ,B001K7HV3Q,4
A18NPNRL7UB7DD,B001K7HV3Q,5
A1WPOY6VFG0CZX,B001K7HV3Q,5
A2ZJXQVDFO7IP7,B001K7HV3Q,2
A2KEBWLZQTKHAX,B001K7HV3Q,1
A31DA2JVLM8ZXH,B001K7HV3Q,4
A1CKY01WDLN1DK,B001K7HV3Q,3
A230WWEA6BGB7D,B001K7HV3Q,1
ABEIP4THRLUAD,B001K7HV3Q,4
AUJ6BNV9V8RHE,B001K7HV3Q,5
ADVY89SC87XVV,B0029LJIFG,5
A13CGIHLMZRYRR,B0029LJIFG,5
A24ECQCIUKA2Y3,B0029LJIFG,5
A2ABRS1NY9FAE4,B0029LJIFG,5
A2QY0WD2JLWUKS,B0029LJIFG,4
AOUSC65F686NB,B0029LJIFG,5
A31XEHVXWJNK1R,B0029LJIFG,5
A387RU77HIHF05,B0029LJIFG,5
AYO600RHBT82B,B0029LJIFG,5
A3KCETSIJNOK56,B0029LJIFG,5
A2JM7LQURVIGZC,B0029LJIFG,5
AWJGLHMJO0Z22,B0029LJIFG,5
A318SEPQCL9JYQ,B0029LJIFG,5
A1E82P63I9D97B,B0029LJIFG,5
A25QRSSN65IZGQ,B0029LJIFG,4
ACKE7RAMWLVP7,B0029LJIFG,5
A2EJ7NFODZPQNW,B0029LJIFG,5
A2SKYPCF3RH7E4,B0029LJIFG,5
A16ZW1T3768F7D,B0029LJIFG,5
A3MUM08KX3MWGD,B0029LJIFG,5
A1BGRJJNYRS89C,B0029LJIFG,5
A1PBJI0UM664DN,B0029LJIFG,5
A15DQV18MW1DQT,B0029LJIFG,5
A2W867M0FLJNHM,B0029LJIFG,5
A2DSDUCC6ITCS2,B0029LJIFG,5
A1J9NIOVQZ6NDQ,B0029LJIFG,5
A4CE2GIDBVTTY,B0029LJIFG,5
A2N3PTK1ZZGHSJ,B0029LJIFG,5
A3JV33RWCSJS3V,B0029LJIFG,5
A3JN3XG1IQAPBR,B0029LJIFG,5
AUX0RDL0DNCRB,B0029LJIFG,5
A22RHND4WE8980,B0029LJIFG,4
A1AD1N3GN314GE,B0029LJIFG,5
AMWZMGDPPE6Q8,B0029LJIFG,5
A1Y9A4V9KBRELP,B0029LJIFG,5
AGC75EPFB7CYD,B0029LJIFG,3
AMI1QE3P20XX3,B0029LJIFG,5
A1BCWGEJSCASSX,B0029LJIFG,4
A2VIAB728UKYLK,B0029LJIFG,5
A36MDL9RQGO7EN,B0029LJIFG,5
A2VO7ILBN0HGVM,B0029LJIFG,5
AUXV4R9QCLINQ,B0029LJIFG,5
AX7S7GCQ7S3FI,B0029LJIFG,5
A37DDBK01DPMRS,B0029LJIFG,5
A2OERI2FWZ8L3V,B0029LJIFG,5
A3BW1RPN2L6HIG,B0029LJIFG,5
A220KSL46PLJD,B0029LJIFG,5
A3OHGZQ6K91LSE,B0029LJIFG,5
A1ZOYJHU2BUMI8,B0029LJIFG,5
A2SGUSL869TGWM,B0029LJIFG,5
A1Q42UHPQ6697Z,B0029LJIFG,5
A1TGBUNEO9FQUT,B0029LJIFG,4
A3NK28P0BSBJY4,B0029LJIFG,5
A29S4R7PQMF1M1,B0029LJIFG,5
A1PM7HDUPHKBAE,B0029LJIFG,5
ANOBHAJ6QT2CC,B0029LJIFG,5
A3D732EQ36IHO8,B0029LJIFG,1
A3HY3B4PK2BSOV,B0029LJIFG,5
ATOD7O8OJX1RG,B0029LJIFG,5
A3A2IHUIJF4NJP,B0029LJIFG,1
AXM1FCV6918PZ,B0029LJIFG,5
A2TFY3UUUCU11R,B0029LJIFG,5
A2P4QIW2G6U8YZ,B0029LJIFG,5
A39C34NKIELF1S,B0029LJIFG,5
A1FGY5ZQ9APFZW,B0029LJIFG,5
A3H71LWD4YBGZ1,B0029LJIFG,5
A3BHINMBHKWB3M,B0029LJIFG,5
A2RO8KU1XZ3PI8,B0029LJIFG,5
A3EXIM9H3PLDX9,B0029LJIFG,5
A1MHB1HRR6VPEH,B0029LJIFG,1
A36TSJWQQHO48V,B0029LJIFG,5
AS65L3A9I2ES6,B0029LJIFG,5
A1EFC98ABT0GJS,B0029LJIFG,5
A3UKLX2A9T589C,B0029LJIFG,5
A4JPX0XGT2XUU,B0029LJIFG,5
A70HUR9X10R7I,B0029LJIFG,5
A1AB7J34R0S71V,B0029LJIFG,3
A18NPNRL7UB7DD,B002ASAGTA,5
A1XWZI706IR3PY,B002BRZ9G0,5
AL0S5HHCKNVCU,B002BRZ9G0,5
A3191FPO3I7RX7,B002BRZ9G0,5
A2C7KT9005KBOI,B002BRZ9G0,5
A3LLIYOMG63ODQ,B002BRZ9G0,5
A2XU2FK26SPUB3,B002BRZ9G0,5
AJ1XG1BK7JK04,B002BRZ9G0,4
A23UCLV6KCWYM8,B002BRZ9G0,5
A13O1YCZCYT76I,B002BRZ9G0,5
A3GCVZ1CZW36JU,B002BRZ9G0,5
A8R4CLFEV2WS7,B002BRZ9G0,5
AMXD8CPSN32GS,B002BRZ9G0,5
A3TOB54PMTDTYM,B002BRZ9G0,5
AKC267NY28IAT,B002BRZ9G0,5
A1OHS6XLYP2YED,B002BRZ9G0,5
AL2O1HC87MV1H,B002BRZ9G0,5
AQ39N9E3I29NB,B002BRZ9G0,5
A1CO2DGEPCEZVZ,B002BRZ9G0,5
A37QXGWV22ETCC,B002BRZ9G0,4
AYF1G7OUOHHSY,B002BRZ9G0,5
A1800JFPSFGBQJ,B002BRZ9G0,5
A4YTY77O2DVAA,B002BRZ9G0,5
A1ZZJPMOVHVC84,B002BRZ9G0,4
A3AVNYNNCYGR3J,B002BRZ9G0,3
AVMRZLZ2P776Y,B002BRZ9G0,5
A2Z5PIEK3QM3EW,B002BRZ9G0,5
A2UNKYXPZRWX5,B002BRZ9G0,5
A2FJ0VC8FU3MPF,B002BRZ9G0,5
ATEYD5ISYACFO,B002BRZ9G0,5
A1PG5UY0TU1SKO,B002BRZ9G0,5
A3F34JJIP2BSLM,B002BRZ9G0,5
A2WPX0EE2DZGYK,B002BS47YE,3
A2J0M4VK76V4QA,B002BS47YE,5
A3B0SZ3FD4LHL5,B002BS47YE,1
A2ZJK585QIQBHC,B002BS47YE,4
A39T0L7SX0BQ8R,B002BS47YE,4
A1XJYVTUSZHM5J,B002BS47YE,4
A1J3BZZ7PVU5SF,B002BS47YE,5
AFY2MWSB3HI1C,B002BS47YE,2
A3IUX3TC0X73TE,B002BS47YE,4
A3RQZ1J5F5G104,B002BS47YE,2
A1KVOQVYLP45KQ,B002BS47YE,5
AAN5097C2YVL0,B002BS47YE,5
AFCQ78N0GKHRZ,B002BS47YE,5
A3BV4PHLEC8UOV,B002BS47YE,5
A2XJBI1V3K3PTA,B002BS47YE,4
A1LYN3ZK230TGE,B002BS47YE,4
A3BTBIV6N9BZFR,B002BS47YE,4
A2KCNRFE5NL5B6,B002BS47YE,5
A2Q1RZH5JAWO2B,B002BS47YE,5
A11F9TJ27PU3LB,B002BS47YE,1
AYU1GV7AIQ5YY,B002BS47YE,4
A3PGGVAY8PKSAY,B002BS47YE,3
AQXUZJ7SMZWY2,B002BSC54I,4
AI0BFS7A8GDXA,B002BSC54I,4
AWAGSXM9CNZCC,B002BSC54I,4
A3EW2L59UBHQSG,B002BSC54I,5
A294AC9LLO05JG,B002BSC54I,5
A1EG9VGHIL3P5Q,B002BSC54I,4
AIMT3E7BNFZNX,B002BSC54I,3
A1O2OPGVLFZ83U,B002BSC54I,5
A18NQZS6ETRFKX,B002BSC54I,5
AU3VX544V9CH,B002BSC54I,5
A23AU4WB4RXYC8,B002BSC54I,5
AH4RX3MFDBW11,B002BSC54I,5
AQZH7YTWQPOBE,B002BSC54I,4
A2KHCIJVF7ZQTC,B002BSC54I,4
A1F1Y66CV2UMSC,B002BSC54I,3
A2ES7IT00AP3F1,B002BSC54I,4
A3CBDLX4ZRNNRV,B002BSC54I,5
AZFBJPNG5USEL,B002BSC54I,3
A37SV9EGEGXCR8,B002BSC54I,5
A2SR4F8QA1LN5M,B002BSC54I,4
A119Q9NFGVOEJZ,B002BSC54I,5
A227A5EE6ITYNF,B002BSC54I,5
A378B22B4X5W6I,B002BSC54I,4
A25VXIO6KY9PJC,B002BSC54I,5
A1INAOLVQFHF0T,B002BSC54I,5
A36UVCB0F11P5X,B002BSC54I,4
A14C2BLXPHT77O,B002BSC54I,5
A14QFQFF3ZX575,B002BSC54I,1
A1MN87SEPCXY5H,B002BSC54I,5
ABLG3BJIYAUMV,B002BSC54I,5
AYF1G7OUOHHSY,B002BSC54I,1
A1RL028B7L3BC1,B002BSC54I,4
A1OM24JT3DAHH5,B002BSC54I,5
A2LQNY854DQS01,B002BSC54I,4
A26255E0YUCEAC,B002BSC54I,5
A1I4QMTVPASKE1,B002BSC54I,5
A25NSTXNN16KG8,B002BSC54I,1
A1X3FE2BNQPU0A,B002BSC54I,3
AU5LZSBUZ1AI9,B002BSC54I,5
AV62333WQDAXR,B002BSC54I,5
A39Z52KPAO8YR7,B002BSC54I,5
A2V7C6EIJMPU28,B002BSC54I,5
A1LWJQS2RLES1A,B002BSC54I,5
A3SV2HI8DB9F61,B002BSC54I,5
A9V8Z0OL8I16P,B002BSC54I,5
AHUZQA0J2JDI9,B002BSC54I,1
A1X48L474B4WAZ,B002BSC54I,5
A3JKM9C3M4NG36,B002BSC54I,3
A3YZFAOCLPNQS,B002BU0DPE,4
AW0ABR0EIBBBF,B002BU0DPE,4
A2SX8PN6ATNHEO,B002BU0DPE,1
A2NDINYWQRDC1Q,B002BU0DPE,3
AJRUNK29QC887,B002BU0DPE,3
A2FNI7EAXTKVCO,B002BU0DPE,4
A33ZWFVAJNXF5M,B002BU0DPE,5
A23WYYRAFC9PW2,B002BU0DPE,4
A1X7K5917XTAVC,B002BU0DPE,1
AH93IH9CPEPD2,B002BU0DPE,2
ATI30VL5PHYUM,B002BU0DPE,5
A9KF63RDGA2Y5,B002BU0DPE,3
A26XBYBE01LW8T,B002BU0DPE,3
A3W4ZFT8ZVPIMA,B002BU0DPE,4
A2I0G8CWDXQBQJ,B002BU0DPE,3
A3APED0AO9RUCU,B002BU0DPE,5
A2K09V9V41Y04E,B002BU0DPE,5
A3UDNMYJUJOAXM,B002BU0DPE,5
A1CKY01WDLN1DK,B002BU0DPE,4
A2VZRPRIOAYJEV,B002BU0DPE,5
ASDBJMLTMIRGE,B002BU0DPE,5
A5AE89ELRVJOG,B002BU0DPE,1
A1TYZ7C4IR4GH2,B002C7RBFQ,4
A1WUGODROXSMHV,B002ELCUUG,5
AMSOH6T6E3FSJ,B002ELCUUG,5
A2UAXOV87YI5K9,B002ELCUUG,5
A1G5FHPI3IBMOU,B002ELCUUG,5
A3VZ8FS3QLZJTO,B002ELCUUG,3
ADK2W3EYJL12M,B002ELCUUG,5
A2RHS27RPFBZAH,B002ELCUUG,5
A1WWDCX2K6P9RA,B002ELCUUG,5
A30NX6TM9Y8BOZ,B002ELCUUG,5
A15ECVRCPSYQ1M,B002ELCUUG,5
A3FDRSRRI2F3XM,B002ELCUUG,5
AAQ0NRWQOD922,B002ELCUUG,5
A1E3LRIRK4VS2R,B002ELCUUG,5
AYKOEZFVI4TGP,B002ELCUUG,5
A1K9STA34MVDYH,B002ELCUUG,5
A24ECQCIUKA2Y3,B002ELCUUG,5
A3AWKLG8L6U4EB,B002I092MM,5
A39E99E2MIMLOC,B002I092MM,3
A36HKBZYRBE2H5,B002I092MM,5
A3C89WADVMXRNL,B002I092MM,5
AK1INV8KG5E8W,B002I092MM,5
A101XPS10HGU28,B002I092MM,5
A36UKFV79879MD,B002I092MM,5
A1I2SGWF6SHP24,B002I092MM,5
AIMT3E7BNFZNX,B002I092MM,4
A2JX61R7ZLE89B,B002I092MM,5
A1412D2R82ZFF,B002I092MM,4
A2MWJS752GW2ZZ,B002I092MM,5
A1B4KM7GVOBRSA,B002I092MM,5
A87JI1JMRS0PG,B002I092MM,5
A2KHCIJVF7ZQTC,B002I092MM,4
A2Z1A677VGN44U,B002I092MM,4
A3035O4AZ52OSL,B002I092MM,5
A2L3DA3W53GRY4,B002I092MM,4
A32RYUDMGLLBJL,B002I092MM,5
A3RQZ1J5F5G104,B002I092MM,3
A2SU6UK6FLY80F,B002I092MM,5
ANA8RE19L201J,B002I092MM,5
A1EVV74UQYVKRY,B002I092MM,5
A1MN87SEPCXY5H,B002I092MM,5
AH8583ASB88JB,B002I092MM,5
A2TZF646VY84RC,B002I092MM,3
A2MPGUF6GALI7K,B002I092MM,5
A2B3FCRI3MEYJU,B002I092MM,5
A2LQNY854DQS01,B002I092MM,5
A13YJSEFEZ17PO,B002I092MM,4
A3V761GBN0OEAN,B002I092MM,5
A1COHD6P8ASVJI,B002I092MM,5
A23MW5CPLTHSOV,B002I092MM,5
AISHP0JWSQJ95,B002I092MM,5
A25NSTXNN16KG8,B002I092MM,1
A1NENRMQWLRGQN,B002I092MM,5
A2U27GN88OLC4Q,B002I092MM,5
A228I577GMZATH,B002I092MM,5
AYKOEZFVI4TGP,B002I092MM,5
AHJK8Y7IG1RSE,B002I092MM,3
A14FE14GPX0ZKA,B002I092MM,5
A11548ZOIDAELN,B002I092MM,5
A1MHB1HRR6VPEH,B002I092MM,1
A38IEZF0P3ZUQJ,B002I092MM,5
AM8E8MYNQHZR8,B002I092MM,5
A3NV2WCJ0CY46S,B002I092MM,5
AQMULOOQGRAGH,B002I092MM,5
A28LCLSHNWHAYQ,B002I092MM,5
A2ZO6YJ9TQL6M0,B002I08U20,4
ABEIDMD46BD7S,B002I08U20,2
A3VDR06VNCZQ6J,B002I0H1DY,4
AKECTU8MDKBXN,B002I0H1DY,4
A3F4HBSBMXGC0S,B002I0H1DY,5
A6CSSYERA32AL,B002I0H1DY,5
A20QMISU4S0XRC,B002I0H1DY,5
A2IOIRK1CSRTDC,B002I0H1DY,5
A35XSGKV80CQ4N,B002I0H1DY,5
A2I50RON10LEOW,B002I0H1DY,3
A1MN87SEPCXY5H,B002I0H1DY,5
AWL59T38YHVWX,B002I0H1DY,5
A3MCCOBVXTM5D6,B002I0H1DY,4
ATNKLMBU6BGT3,B002I0H1DY,5
A49HB5J3L04SR,B002I0H1DY,5
A10YQZ4Q4KPV9B,B002I0H1DY,5
A1COHD6P8ASVJI,B002I0H1DY,5
A2MCTBSIBDYELL,B002I0H1DY,5
AKLLE6W7SKTKX,B002I0H1DY,5
ANE93KIVSC21S,B002I0H1DY,3
A2KO0YYRZPFNNT,B002I0H1DY,4
A30UHM6OOPVHNA,B002I0JAJ2,5
A2WPX0EE2DZGYK,B002I0JAJ2,1
ABNSZMW305TON,B002I0JAJ2,5
A1OFSEYBZZGLIF,B002I0JAJ2,3
A2UQ7SMLV3NXKS,B002I0JAJ2,3
AEZJTA4KDIWY8,B002I0JAJ2,3
A3PZ4AXTY9J1DZ,B002I0JAJ2,3
A3JC30J3G0MY9,B002I0JAJ2,1
AHO36V79YNS88,B002I0JAJ2,3
A1BONAS0DQEZMY,B002I0JAJ2,4
A2PLIC1OHB1TEH,B002I0JAJ2,4
A5Y7WUBMHBT8I,B002I0JAJ2,5
A1L0DEUP7Q3LCB,B002I0JAJ2,3
A1D696068E7EOU,B002I0JAJ2,1
AJNNNF726KSEA,B002I0JAJ2,3
A3CZ51PEAPD0KD,B002I0JAJ2,4
A343L5PLZOKVO6,B002I0JAJ2,5
A3PM5VDMCEEWTY,B002I0JAJ2,4
A2Q1RZH5JAWO2B,B002I0JAJ2,5
A26JPPFJ1WLTGY,B002I0J82G,5
A1N386E6Z214D8,B002I0J82G,5
ADVHRYCNV0O5F,B002I0J82G,5
AKKX99YYBL1UY,B002I0J82G,4
A2OVOYG7YFERWQ,B002I0J82G,4
A3F4HBSBMXGC0S,B002I0J82G,5
A39O3OJ2EC19JT,B002I0J82G,1
A1H6SBO7R007I8,B002I0J82G,1
A104WER6UUDA2M,B002I0J82G,5
A3T4H4FH6L1PZX,B002I0J82G,3
A2SX8PN6ATNHEO,B002I0J82G,5
A3IE1M3QVUKIJN,B002I0J82G,2
A3MR3D8AW6GDIN,B002I0J82G,5
A9ECW8HD5FXGD,B002I0J82G,4
A1Z1DI1O6FWC57,B002I0J82G,5
A2BRXIK11K4DAW,B002I0J82G,5
A24NHM36GTLOTQ,B002I0J82G,5
A27LD3OXBRUK6H,B002I0J82G,3
AXJ7ODEFGCUTA,B002I0J82G,4
A1AHDO431YOY3A,B002I0J82G,2
A2BR4UZW142W9W,B002I0J82G,5
A2N8B72VXI8CW2,B002I0J82G,5
AEBNA8I3B1VR3,B002I0J82G,5
A1VM9FJWECY5MP,B002I0J82G,5
A3PLUATOOMTUCM,B002I0J82G,5
A66131KTHRPRR,B002I0J82G,4
A3IUX3TC0X73TE,B002I0J82G,3
AY55J49QMLEYA,B002I0J82G,4
AW4SW0UXMRHAE,B002I0J82G,4
A2FYX0BC3D214U,B002I0J82G,5
A23SESNRJ2M2NJ,B002I0J82G,4
A8EJA4AMJNO6C,B002I0J82G,2
ASOADU8C6KBFF,B002I0J82G,3
A2M5LB2BOQB1VL,B002I0J82G,2
A38TJNOJEKZOEG,B002I0J82G,5
A1UV6NY7050MW3,B002I0J82G,3
A9J4AP36FBZ9V,B002I0J82G,5
A2Y5XNJIP2085B,B002I0J82G,5
A12NL8N194S6YO,B002I0J82G,3
A2HPO3OMTD6N00,B002I0J82G,5
A1RL028B7L3BC1,B002I0J82G,5
A1LKZ2UBHSKRT,B002I0J82G,5
A2AIGBTXUN7V5O,B002I0J82G,5
A1U13BU6OUUVXV,B002I0J82G,5
A1GVJE47UPRUNK,B002I0J82G,5
A3HNBLO0KIJVTS,B002I0J82G,3
A3V1A3C9DTLPME,B002I0J82G,5
A2CDKNR59EBOKA,B002I0J82G,5
A1VO1ZUXG3PDNH,B002I0J82G,5
A10Y20962E8MCM,B002I0J82G,5
A1MQ0MYT3QLWC,B002I0J82G,1
A2HA1H6ZAGO9B7,B002I0J82G,5
A3LOAQX4DVQPCS,B002I0J82G,5
A2CNSTD6GS5P75,B002I0J82G,4
A1E13YT1L06VZY,B002I0J82G,4
ATGHCRAAL3YE5,B002I0K3M0,4
A3KJLCR9WVIU5R,B002I0K3M0,5
A42HIT7SJZNJG,B002I0K3M0,5
A2FBBAJDEPFEGG,B002I0K3M0,2
A2OT4VDS8QACNB,B002I0K3M0,5
AGE1D4SEBBB7Q,B002I0K3M0,5
A21V09X0R8ZLOE,B002I0K3M0,4
A138OCOYVN8ICU,B002I0K3M0,5
A3V6Z4RCDGRC44,B002I0K3M0,5
A32ZGK4SX98400,B002I0K3M0,5
A1F7XETXDDGRBE,B002I0K3M0,3
A1QNE83F588I4,B002I0K3M0,4
AYKOEZFVI4TGP,B002I0K3M0,4
A1MHB1HRR6VPEH,B002I0K3M0,1
AAU5M4X3I03RD,B002I0K3M0,2
ADY901N4FC3ER,B002V14VOC,4
A26N27LJVQNVI1,B002V14VOC,5
A2FS9L59TD8CYS,B002V14VOC,4
A1U1V83ZHRI6WJ,B002V14VOC,5
A36FPEHND5CW5P,B002V14VOC,5
A10J471BUE9LL7,B002V14VOC,4
AYTOPJ4PLNCTA,B002V14VOC,4
A2D5QA90MQEFXT,B002V14VOC,3
A26RHSVFH4WF65,B002V14VOC,5
AEI298ZBB6022,B002V14VOC,3
A20C8LDQHZL56C,B002V14VOC,5
AS6YGH35JLCPB,B002V14VOC,4
A3443SUQ5KMPL0,B002V14VOC,5
A1TV1DJS11RHMK,B002V14VOC,5
A7A9WVDCLLJSY,B002V14VOC,5
AAN5097C2YVL0,B002V14VOC,5
A19U3RW5VR9U4Z,B002V14VOC,2
A3VAJFVJMB8RI4,B002V14VOC,2
AVYRBFB8LKSZH,B002V14VOC,1
A3BGRXOXDW5T5H,B002V14VOC,5
A1Q45JLC7C0FMK,B002V14VOC,5
A3VSEPJ9258H89,B002V14VOC,1
A23MW5CPLTHSOV,B002V14VOC,4
A1LYN3ZK230TGE,B002V14VOC,4
A3BTBIV6N9BZFR,B002V14VOC,4
AMWWMWF70LLYW,B002V14VOC,5
A13UAIE3K517CQ,B002V14VOC,3
ARRPKR5SYDIO3,B002V14VOC,1
A38LYZ8XVE60IS,B002V14VOC,1
A3FM1ADRN4FMKK,B0030T1UIY,1
A2KVP1EEPTU1V4,B00332F1VA,4
A169CJ2NJQYIM6,B0037LTTRO,3
AQHKWJU7YJKUL,B0037LTTRO,2
A1V7M066XFKFEY,B0037LTTRO,2
ACKE7RAMWLVP7,B0037LTTRO,5
A183Y4RINL91HJ,B0037LTTRO,3
A26XRY6HE0VLUC,B0037LTTRO,4
A360QXKTMHPXNS,B0037LTTRO,5
A2HG30Z3MMIKMI,B0037LTTRO,5
AVJZTDXQOT7LV,B0037LTTRO,5
A3PR0G4W5IMG9T,B0037LTTRO,5
AHI0LPNCXU70P,B0037LTTRO,5
A1T6XD1LCHBRRA,B0037LTTRO,2
A2218IYQ2S13RT,B0037LTTRO,5
A3PXPQPNJ0X61B,B0037LTTRO,4
AXUO5393RYPP2,B0037LTTRO,4
ANDVZIA4IVJBC,B0037LTTRO,1
A3C8RQQQV7H9CP,B0037LTTRO,4
A2G44NES0MQOAC,B0037LTTRO,3
A1TKDHV7V1QEI7,B0037LTTRO,4
AQ0KPAX7QXHE7,B0037LTTRO,4
A1RQHKZY4DHEJY,B0037LTTRO,3
A2XT8C2ASRLF2M,B0037LTTRO,1
A16ML7RAVORR8X,B0037LTTRO,4
A288FM9SUX0CEX,B0037LTTRO,5
A177MM97DQSB99,B003B3V0MA,5
A20JT0PEIB7S3X,B003ICGL7I,1
A2H1UKS9Q4DC59,B003ICGL7I,4
A2WPX0EE2DZGYK,B003ICGL7I,2
A1Q8X2E8DLCH1Y,B003ICGL7I,1
A257J406T8V8BB,B003ICGL7I,1
ALIZ13E04IN5D,B003ICGL7I,3
AVVIJ7EBPS4EI,B003ICGL7I,1
AKFK9B6UKA3HT,B003ICGL7I,2
A2VP2NGWS1NLU6,B003ICGL7I,1
A2C7O4GVUBZ62,B003ICGL7I,4
A275XJ84J024SU,B003ICGL7I,4
A3V6Z4RCDGRC44,B003ICGL7I,3
A16WKPOSEGQC3Y,B003ICGL7I,2
A8RGWWCC1PVMQ,B003ICGL7I,4
A3BTBIV6N9BZFR,B003ICGL7I,1
A13UAIE3K517CQ,B003ICGL7I,3
A3CZ51PEAPD0KD,B003ICGL7I,4
A1ZNY4H5FOKQD4,B003ICGL7I,1
A2QC6RHD6VJJ34,B003ICGL7I,5
A26JPPFJ1WLTGY,B003JVKHEQ,5
A3958SRZFG5W82,B003JVKHEQ,5
AW0GEWXD1KL0B,B003JVKHEQ,3
AQUVTQFFXP4AC,B003JVKHEQ,2
A35S0YEC09W940,B003JVKHEQ,3
A20M0QEPPYILB8,B003JVKHEQ,1
A3T4H4FH6L1PZX,B003JVKHEQ,5
A2VVICJAQ1UQ5F,B003JVKHEQ,5
A1GRBUI69G22RX,B003JVKHEQ,5
A3C1T23UR0O9RM,B003JVKHEQ,4
A1PBJI0UM664DN,B003JVKHEQ,5
A2HR865RGPFXN1,B003JVKHEQ,5
A2YJD62RN343LC,B003JVKHEQ,5
AZKLMODAJ0UWC,B003JVKHEQ,5
A1WFGS1V6LJGG6,B003JVKHEQ,5
A2YUZ5QOWCW612,B003JVKHEQ,2
A2QSC9US12F2GH,B003JVKHEQ,2
A13O1YCZCYT76I,B003JVKHEQ,4
A2UJQOWLWJKAF8,B003JVKHEQ,4
A8IXEE1XQ3OEX,B003JVKHEQ,5
AOGQFSCJW7Z5L,B003JVKHEQ,5
A2FBD3A4TBXMBG,B003JVKHEQ,4
A2O6FNFP7Z71XG,B003JVKHEQ,4
A1C130R0UWCMCC,B003JVKHEQ,5
A3MS3IKEJQYTY0,B003JVKHEQ,5
A3V6Z4RCDGRC44,B003JVKHEQ,4
A37WBKCEF2FRJL,B003JVKHEQ,5
A20IODXCIIE4PO,B003JVKHEQ,2
AO9KIXPS4KCDF,B003JVKHEQ,4
A16SXPPD0OA9GK,B003JVKHEQ,2
A2XWHRHI0BIEO8,B003JVKHEQ,5
A1RL028B7L3BC1,B003JVKHEQ,4
A2JV0XLYWRUCGJ,B003JVKHEQ,4
A19E5QPDOOSQ1M,B003JVKHEQ,5
A363JQMCE7A1SE,B003JVKHEQ,5
A10J6K3LQ4EY2W,B003JVKHEQ,5
A2PLW2M7R4BPXI,B003JVKHEQ,5
A20WRRHXRVMM4Q,B003JVKHEQ,5
A2DRPL4GAZ0PAI,B003JVKHEQ,2
A3ES8MDZQQPHXX,B003JVKHEQ,4
ASV5VNH53VRU,B003JVKHEQ,5
A39C34NKIELF1S,B003JVKHEQ,4
A2I5NVT7IWQ51Z,B003JVKHEQ,3
A1A9E5QDQZVWFS,B003JVKHEQ,5
AOKJGTDGOZJNW,B003JVKHEQ,5
AVAYPIMDXYNRF,B003JVKHEQ,4
A31JC6RV4951A0,B003JVKHEQ,4
A1M51UYWPQ4NKZ,B003JVKHEQ,2
A29MS2MNTP6GX7,B003JVKHEQ,5
A2V4J2Q1RWI7ZE,B003O3EFY2,2
A1A05DMIV6RGP,B003O3EFY2,1
A2M7K396C9343M,B003O3EFY2,4
A309K9I50AISC9,B003O3EFY2,2
AVHF8MWAUTKYZ,B003O3EFY2,5
A31ARER1KVHZB,B003O3EFY2,5
A2IKA7KVW5FEAC,B003O3EFY2,1
AFDJUIJUX1VIR,B003O3EFY2,1
A1BTKVXK7M09UR,B003O3EFY2,3
A1MKSL5D69BHU6,B003O3EFY2,2
A1MTLOYWIOIX99,B003O3EFY2,4
A1IOXFDU2MGDDT,B003O3EFY2,4
ATERO6UNKMBXK,B003OPX802,5
A2Q62JDZ8AHV6A,B003OPX802,4
AXNQ2SW2AEFH9,B003OPX802,5
A39HDYD1BJ1KRY,B003OPX802,5
A2CZDT27T36DBB,B003OPX802,1
A3GKJYVADM7NGF,B003OPX802,5
A35GK4BU9HN95I,B003OPX802,4
A20L63B48RPSOH,B003OPX802,4
A25Y5ZHHTYO9N4,B003V63V1U,5
AL2O1HC87MV1H,B003V63V1U,4
A1ZZ6I6N3W94P8,B00432O4VM,4
A2IMVILGSSEYGP,B00432O4VM,5
AKFDBGAP4IWT4,B00432O4VM,3
A377GACOS4ROY,B00432O4VM,5
A1IAJTQ0PAHUQI,B00432O4VM,2
AU4HL7JWM5X34,B00432O4VM,2
ADPEAVHFCNLLC,B00432O4VM,4
A12XRMMPDPUPKH,B00432O4VM,4
A3MTGH9YBS0UHQ,B00432O4VM,5
A24DBUIAWDQXA2,B00432O4VM,5
AJLRNYTF58S09,B0045ZB66I,2
A1U8EMDWB4K6AT,B0045ZB66I,5
A39K965K0XIG8J,B0045ZB66I,3
A1U554UZF2PS93,B0045ZB66I,1
A1SZOHSO795GHM,B0045ZB66I,1
A2VVCH3IPIZGTW,B0045ZB66I,5
A3KKADE1AG5XS5,B0045ZB66I,5
A1QW98IOEVQPTU,B0045ZB66I,4
A25K0RTR35BA3K,B0045ZB66I,5
A2LHYAN8LRP8KZ,B0045ZB66I,5
A3OXO3JWT2ILRC,B0045ZB66I,4
ASFH36SCMNQCW,B0045ZB66I,5
A3IUX3TC0X73TE,B0045ZB66I,5
APW6CMKFZV06I,B0045ZB66I,4
A379WGF0PER5LP,B0045ZB66I,4
A10DWGX7ZBM7EQ,B0045ZB66I,5
A2Z5IUIPKV3G4M,B0045ZB66I,5
A15LIURAJS5FLP,B0045ZB66I,3
A1FST8NVFWYFTZ,B0045ZB66I,5
A1FR7LBYHPBJLL,B0045ZB66I,4
AQSMM1Z9BEOYT,B0045ZB66I,5
A1U8EMDWB4K6AT,B0047THYWC,5
A1ACYRW6LFIMVQ,B0047THYWC,3
A1I8YIJPHIKVSI,B0047THYWC,4
A1THAS6M64YVLC,B0047THYWC,4
A10J471BUE9LL7,B0047THYWC,3
A2LHYAN8LRP8KZ,B0047THYWC,4
ANQUC4ZM40ZU9,B0047THYWC,4
A38CEL1TDGBPWX,B0047THYWC,1
A1CSBGMOLVPL2S,B0047THYWC,5
A2FZXIA25GIAJS,B0047THYWC,1
A1KGKPWWG61U42,B0047THYWC,3
A2Q0ARIYNP9XZS,B0047THYWC,4
A1FST8NVFWYFTZ,B0047THYWC,4
A3CZ51PEAPD0KD,B0047THYWC,2
A219WFI4NFP6D8,B004FS8LYK,4
A1E5707WYIHXHI,B004FS8LYK,5
A31RWMB7Z6MWCX,B004FS8LYK,5
AQXUZJ7SMZWY2,B004FS8LYK,5
A1X1C7OE77PGN7,B004FS8LYK,5
A3NQBLV5BZ71HG,B004FS8LYK,5
A3191FPO3I7RX7,B004FS8LYK,5
A1MEISNED4NP7U,B004FS8LYK,5
A7472ORITX91P,B004FS8LYK,5
A30CJA09ZUUBJ4,B004FS8LYK,2
A1XM302GQAWYG,B004FS8LYK,5
A1RQPIVASVK0RY,B004FS8LYK,5
A310CAK2O530KJ,B004FS8LYK,4
A2VGZTGW1XHFTI,B004FS8LYK,5
AXJ7ODEFGCUTA,B004FS8LYK,2
A3ME34I66ZV39N,B004FS8LYK,3
A112PIB6EGUDYZ,B004FS8LYK,4
A2Z2DFFCHF8K5U,B004FS8LYK,5
AGC75EPFB7CYD,B004FS8LYK,4
ASREZFXN55U2R,B004FS8LYK,5
AO2NWO6U1MHCE,B004FS8LYK,5
AKMR936JBM2KX,B004FS8LYK,5
A9U6356H5V30U,B004FS8LYK,5
A33EJKJERELJ1J,B004FS8LYK,3
A2AQCWPN22ABDY,B004FS8LYK,5
A3F8T3BRXRX5P3,B004FS8LYK,4
A2I5DEBFRG8T8D,B004FS8LYK,4
AX4L6DVN3E0XX,B004FS8LYK,5
A1VL5O955BYRJK,B004FS8LYK,5
A2ZOGZ604O4CI2,B004FS8LYK,5
A3KAFY18NGZZWO,B004FS8LYK,5
A2CJ8K5I8TTP8M,B004FS8LYK,5
A2OYLBRHH42KWR,B004FS8LYK,4
A1RK1JZB2U8HMW,B004FS8LYK,5
A3FI0LAIVZB6RX,B004FS8LYK,5
A10YQZ4Q4KPV9B,B004FS8LYK,5
A3E6OMMFJSGOC2,B004FS8LYK,5
ADLDCTYS4ZFA4,B004FS8LYK,5
A2UT5AJSFF570V,B004FS8LYK,5
A22HKEBLKHT9G0,B004FS8LYK,5
AA6K1PDOE130V,B004FS8LYK,5
A1I4QMTVPASKE1,B004FS8LYK,5
A2TEHNWBZ3QFAF,B004FS8LYK,4
AF8DGAR6W1FLX,B004FS8LYK,5
AA3MVK6EDWIHF,B004FS8LYK,5
A17FICG6PERVRI,B004FS8LYK,5
A345B7IXC29H6U,B004FS8LYK,5
A317160JRTMB57,B004FS8LYK,5
A15U64VGUV6RBF,B004FS8LYK,5
A3V9IEXG18F4QO,B004FS8LYK,5
A2J64XRKPRNA7E,B004FS8LYK,1
A2NANFPZKJHZ8L,B004FS8LYK,5
A16RBG0WLYPMFT,B004FS8LYK,5
A1MHB1HRR6VPEH,B004FS8LYK,5
A2MCP2MTSKON9O,B004FS8LYK,4
A2U2GB0JBGYISK,B004FS8LYK,4
A1C139F5C7Y38P,B004FS8LYK,4
AQSMM1Z9BEOYT,B004FS8LYK,5
A11YP2JXIQNJCU,B004FS8LYK,3
A169CJ2NJQYIM6,B004FYEZMQ,3
A1X6YJ3Z3VAVY3,B004FYEZMQ,5
A1V7LET8HJ8OQM,B004FYEZMQ,4
A3I7FWE125WB8T,B004FYEZMQ,3
AQUVTQFFXP4AC,B004FYEZMQ,4
A28QX8YTWTJURV,B004FYEZMQ,4
AWVCQU7QKVPXD,B004FYEZMQ,1
A6DGAIQD7ULB6,B004FYEZMQ,1
A2JSI15KANO2LI,B004FYEZMQ,1
A3P974GJZFHS8D,B004FYEZMQ,4
A2TRG6417T7VBM,B004FYEZMQ,1
A3SFXL2C7VGH7W,B004FYEZMQ,4
AGQK3MKEUH5FV,B004FYEZMQ,1
AJRQ0S9QNFR1Q,B004FYEZMQ,1
A1CZT2GDDO4GC1,B004FYEZMQ,1
A2SKYPCF3RH7E4,B004FYEZMQ,5
A9MTNZTIVBQ4W,B004FYEZMQ,5
A2IW9YT5VZAQ52,B004FYEZMQ,5
A309N4ZMKQZIVT,B004FYEZMQ,5
A2FXBWR4T4OFQ,B004FYEZMQ,3
A1JGSUX59ZTWYE,B004FYEZMQ,4
A3DI3261LBFACQ,B004FYEZMQ,4
A1PBJI0UM664DN,B004FYEZMQ,5
AM3PBGE3QGD4A,B004FYEZMQ,2
A2JVK46EUQ6NOX,B004FYEZMQ,5
A2IXIL77D51CAZ,B004FYEZMQ,2
A1Y4O8B4X9K8G1,B004FYEZMQ,5
A1B5FQEUF6219X,B004FYEZMQ,5
A3SCUM7S6L06GE,B004FYEZMQ,2
A9QZGSWH9MW0W,B004FYEZMQ,4
A3PGRJCO6GEKDY,B004FYEZMQ,5
A1LIK3ZEJ244X8,B004FYEZMQ,4
A1MF2I9ZY394EH,B004FYEZMQ,1
AWKQ8LFSXZ737,B004FYEZMQ,4
AZFBJPNG5USEL,B004FYEZMQ,1
A13O1YCZCYT76I,B004FYEZMQ,5
A1ZE1LPZHGG1QP,B004FYEZMQ,4
A2B5G0HOXSVV5N,B004FYEZMQ,1
A2LJ1ZR2MOFS5N,B004FYEZMQ,1
A2NK8LE3T7H1D7,B004FYEZMQ,4
A3FNF36SELJ49S,B004FYEZMQ,3
AAPZ1OVFQQIDO,B004FYEZMQ,5
A1L1E1097O144X,B004FYEZMQ,4
A2L6U5WGJFRT6R,B004FYEZMQ,4
A2HHFI2F16CAE7,B004FYEZMQ,5
AG3PW23KQ26ED,B004FYEZMQ,1
A3U38FRIA3Q73M,B004FYEZMQ,5
A1GJKUKOE0G630,B004FYEZMQ,4
AL69NTRAF5X5P,B004FYEZMQ,5
A5PQRM0MPGY96,B004FYEZMQ,4
A2TWRKMWPPNKVB,B004FYEZMQ,1
A219DGT9CE2NL8,B004FYEZMQ,5
AQOFQWJYJRA5W,B004FYEZMQ,3
A2TZF646VY84RC,B004FYEZMQ,5
A3V6Z4RCDGRC44,B004FYEZMQ,2
A12NL8N194S6YO,B004FYEZMQ,3
A3F3EH7LFAXMNP,B004FYEZMQ,2
A11SJ0KEGU8C0K,B004FYEZMQ,5
A3QE39RF7W5QZB,B004FYEZMQ,1
A1V4JMX16M3JNE,B004FYEZMQ,5
A2TLDKIAETB0R4,B004FYEZMQ,5
A1RL028B7L3BC1,B004FYEZMQ,1
A1UFY2YWV81UZB,B004FYEZMQ,5
A20P9Y93BPDAR2,B004FYEZMQ,1
ADPEAVHFCNLLC,B004FYEZMQ,4
A3FY350Q19GO3H,B004FYEZMQ,4
A25NSTXNN16KG8,B004FYEZMQ,5
A3LGT6UZL99IW1,B004FYEZMQ,4
A2KM81NLZT058I,B004FYEZMQ,5
A2J2BF8PK0U1U7,B004FYEZMQ,5
A2BXZM08OG625Z,B004FYEZMQ,2
A2UPDLK21I3TGJ,B004FYEZMQ,5
A30WJZ21W52X2Q,B004FYEZMQ,1
A39C34NKIELF1S,B004FYEZMQ,5
A1DUTU757O0QY5,B004FYEZMQ,1
A1TKDHV7V1QEI7,B004FYEZMQ,4
A1MW3DVX0STWK6,B004FYEZMQ,1
A2QSGC4GO7G1X1,B004FYEZMQ,5
A36NMKDOIYOLC3,B004FYEZMQ,5
A3QOOJZSAD5FT3,B004FYEZMQ,1
ARC3J517UQITR,B004FYEZMQ,4
A1U8Z8WN5BQTLV,B004FYEZMQ,3
A3TF8KP5ERF0SE,B004JMQLV2,5
A1IDFSSFSAUSV9,B004JMQLV2,1
A29SYALSORG8D5,B004JMQLV2,1
A341EAVW0G9AT9,B004JMQLV2,3
A25WMMJF13ROID,B004JMQLV2,4
AEIVMLCM1DS9J,B004JMQLV2,5
AD1BR4509OQDX,B004RMK57U,1
A1H9O1ETX9DKTO,B004RMK57U,2
A2Q2WGNW2CT7ZD,B004RMK57U,5
A3UG8KMLBZCDC8,B004RMK57U,5
A1TZP27RI92RT,B004RMK57U,5
A12COGFVG1CX2W,B004RMK57U,5
A2UGLR6ZXHHQ1R,B004RMK57U,5
A6C0QCBORL39D,B004RMK57U,5
A15CCX5AG778L4,B004RMK57U,5
A196OTCBBOLPK2,B004RMK57U,5
AO2YGB9BT1XP1,B004RMK57U,5
A3E1UEOPCNV4CD,B004RMK57U,5
A3RAPSTE0OJKFI,B004RMK57U,4
AWRKJMDKD8KJI,B004RMK57U,3
A3PZ4AXTY9J1DZ,B004RMK57U,5
A1BU3FLIQNOVDS,B004RMK57U,5
A3RPNJODORTLRB,B004RMK57U,1
A27P2FAYPW8A4R,B004RMK57U,1
A2WHFSB17DKZY1,B004RMK57U,5
A3VPXZT2XGIFU7,B004RMK57U,5
A1L2MXWW5PU0XH,B004RMK57U,5
A13SAGUDZA5LKA,B004YWSIOK,1
A2QY0WD2JLWUKS,B0050SWS8O,3
A1JGP9A78RN8FR,B0050SWS8O,2
A303C1N9NVQWCE,B0050SWS8O,5
A39T0L7SX0BQ8R,B0050SWS8O,2
A8W0BBUIZQ3WF,B0050SWS8O,3
A3N1OSY8WU5PKR,B0050SWS8O,5
A2TUR0TI2IEOBE,B0050SWS8O,5
AU3CFI39FO9TZ,B0050SWS8O,3
AHT34BRYFBFT1,B0050SWS8O,4
A1FKSRD4UEA241,B0050SWS8O,5
A3316CYEWWKML6,B0050SWS8O,1
A12KTSAPW0ODW7,B0050SWS8O,4
A1L1N3J6XNABO2,B0050SVH18,5
A2CIL9EVTIMEBW,B0050SVH18,4
A7DDSEY4DG8QP,B0050SVH18,4
A35ZJCU0IY3VBR,B0050SVH18,4
A1FTQ8KX7PFTB5,B0050SVH18,5
AQ7QWA5M8HVQK,B0050SZ0JI,3
A3KKADE1AG5XS5,B0050SZ0JI,2
A3GRCK5JTX4G0Q,B0050SZ0JI,4
A2TUR0TI2IEOBE,B0050SZ0JI,3
A3DY5LCIQG3BC,B0050SZ0JI,5
A2VQ0EHFZS1KY3,B0050SZ0JI,1
A3ILQW67FRF0JO,B0050SZ0JI,5
A2QC6RHD6VJJ34,B0050SZ0JI,4
A2WO3Q2MIIYNXE,B0050SZD18,3
A3DNOD30WHJ68N,B0050SZD18,5
ATLZYOX6M7NJY,B0050SZD18,5
A3SD4CYHZIJ4JG,B0050SZD18,5
A1OH33MR6K4G5J,B0050SZD18,2
A1L1N3J6XNABO2,B0050SZD18,3
A386OP2O7Z5Y5L,B0050SZD18,5
A6YOQB6CPRSS6,B0050SZD18,5
A4QIN73FEXMNF,B0050SZD18,4
ANJ38RBU91LDV,B0050SZD18,4
AEX12C4QA84BR,B0050SZD18,3
A2VJJ2POCLMED7,B0050SZD18,4
A2KEAD7HBZSFZU,B0050SZD18,1
AIGENWB6MIYXH,B0050SZD18,1
A2CZDT27T36DBB,B0050SZD18,3
A1QTS5DRFAMNAA,B0050SZD18,1
A1PHMSNVHIRNWW,B0050SZD18,1
AZVI6IZE7IEQT,B0050SZD18,3
A2TUWV3I6AYFH9,B0050SZD18,5
A36LB0RUGRC9GS,B0050SZD18,3
AZCCZ3LT2ESKV,B0050SZD18,3
ATVONGZ1LPMSM,B0050SYAQ2,5
A1UBBTVRSUV72N,B0050SYAQ2,5
A21V7WI3WDXGRE,B0050SYAQ2,5
A3DK1IP99G72GL,B0050SYAQ2,5
A3ETZ7QYVUOW1J,B0050SYAQ2,5
A1BMUIHUM90GOQ,B0050SYAQ2,5
A141D25QZUU3Q,B0050SYAQ2,5
A2OUF56HZBCBKA,B0050SYAQ2,5
A32O98PFC3OP7K,B0050SZ836,5
A83WZ4IGK86CD,B0050SZ836,5
AHGC43I9TAD4S,B0050SZ836,5
AGQK3MKEUH5FV,B0050SZ836,5
A2Y3CNGYI5PHSJ,B0050SZ836,3
A1OC8VLU7MJS50,B0050SZ836,5
A38JR7ANL46IYW,B0050SZ836,5
A1ZNRYQ8ZUYQ7M,B0050SZ836,5
A2Z326EY1WNGMU,B0050SZ836,5
ACAD5NZJPF36U,B0050SZ836,5
A35X5DFR6NSU19,B0050SZ836,5
A26HLRCAWRATKP,B0050SZ836,5
A1N1MUP825WTIY,B0050SZ836,5
A27K0QRJT01PZK,B0050SZ836,5
A2UZ0ZHZIAXRHK,B0050SZ836,5
AM8ZKRMFXUAI8,B0050SZ836,4
AC3HCZE2016E7,B0050SZ836,5
A16WKPOSEGQC3Y,B0050SZ836,5
A2QHVQSB7O0OTE,B0050SZ836,5
AAW7X3GRD8GY9,B0050SZ836,5
AU2CJ9MY7NVQG,B0050SZ836,4
A13UAIE3K517CQ,B0050SZ836,4
A2ZC1HYS78L9DF,B0050SZ836,2
A3CZ51PEAPD0KD,B0050SZ836,5
A3DIS5O83SQJWW,B0053B5RGI,5
A1LCDGE6SWZ3TZ,B0053B5RGI,5
A1FO8H332S134J,B0053B5RGI,5
A28OY1QTZGR5H1,B0053B5RGI,4
A20QMISU4S0XRC,B0053B5RGI,5
A2ZBK995D1GSPL,B0053B5RGI,5
A1HSO763RXMYOH,B0053B5RGI,5
A1N2ZLQCI70523,B0053B5RGI,5
A1GWL4XS2ZXGG8,B0053B5RGI,4
A22OAU14LKARL,B0053B5RGI,5
A1GWUSPAM0RJVB,B0053B5RGI,5
A1L3GF3DR48LLH,B0053B5RGI,5
A1X63D4RFS50YK,B0053B5RGI,5
A1GBT4UN2RW7XY,B0053B5RGI,5
A20RQURBI32DTP,B0053B5RGI,5
A25NMWMDFD0UIY,B0053B5RGI,5
A61A1DDY3D5S8,B0053B5RGI,5
A1KG9IOJZRD9L6,B0053B5RGI,5
A22O8LKP9X8ZFC,B0053B5RGI,5
A3OXP7RD46461V,B0053B5RGI,5
A2L3DA3W53GRY4,B0053B5RGI,3
A1URPVTYCOPV47,B0053B5RGI,4
A1LLBSF024FIVK,B0053B5RGI,4
A2NLWLLF8V8MYH,B0053B5RGI,5
A2GWAJF0VK59PB,B0053B5RGI,5
A10W2QTBTVV6RQ,B0053B5RGI,4
A3H9RJ6A698JQC,B0053B5RGI,5
A141S3AT6GO6HH,B0053B5RGI,5
AXRL8HCUAUAIM,B0053B5RGI,5
A1FGU7F9UJ264N,B0053B5RGI,5
A1MN87SEPCXY5H,B0053B5RGI,5
A9W055QLE6NZT,B0053B5RGI,5
A1GEV4XRR3YJ0F,B0053B5RGI,5
A3EROOTOOI7YCR,B0053B5RGI,5
A1NROUODR0UKKA,B0053B5RGI,5
A270CQPCK6RZGG,B0053B5RGI,5
A2YD6L90QO4OSM,B0053B5RGI,4
A616A2B09OPTA,B0053B5RGI,5
A24E0EFNJMFII2,B0053B5RGI,3
A2GA5V47G48176,B0053B5RGI,5
AT97ZQDIV729A,B0053B5RGI,5
A14E8WUM69EA4W,B0053B5RGI,4
AHJ49CNRRQZFT,B0053B5RGI,5
AG7C3PYEUGRNP,B0053B5RGI,2
AOJFJI3G7XUZT,B0053B5RGI,5
A3UGZL8C2KMYKS,B0053B5RGI,5
A7HD7SGI1R937,B0053B5RGI,5
A9VWXRS1PJHOY,B0053B5RGI,5
A240LU7BL924VI,B0053B5RGI,5
A3HQFDKM9SAZ9R,B0053B5RGI,5
A38ZT0F5VUTOFV,B0053B5RGI,5
A11548ZOIDAELN,B0053B5RGI,5
A1MHB1HRR6VPEH,B0053B5RGI,1
AGP8SERVW9YSR,B0053B5RGI,5
AH8BG0Y3ODPZD,B0053B5RGI,5
A34MF4QY53CAW3,B0053B5RGI,5
A1R6LTV9DWNM61,B0053B5RGI,5
A55TVW2SE2JXK,B0053B5RGI,5
A6RPLBIWT5CXN,B0053B5RGI,3
A35L2E8M7S59MQ,B0053B5RGI,5
A1WBE10OIBHI91,B0053B5RGI,5
A1S319B6JZJXJ3,B0053B5RGI,5
A2X3M5QDZRAUTG,B0053B5RGI,5
ABSWT9Y9UUQ6W,B0053BCMAC,5
A2XJ9VML35B5VP,B0053BCMAC,4
A3I1KF122KRF60,B0053BCMAC,5
A2A5VYB6647690,B0053BCMAC,4
AIMT3E7BNFZNX,B0053BCMAC,4
A3326IAIKL0C4T,B0053BCMAC,5
A1GZDMNFHA1AR2,B0053BCMAC,3
A2L3EPIGHENK8O,B0053BCMAC,3
A2VF7R1ZSTI5J9,B0053BCMAC,4
A2NLWLLF8V8MYH,B0053BCMAC,2
A253BVD91JEURL,B0053BCMAC,5
A1EVV74UQYVKRY,B0053BCMAC,4
A1MN87SEPCXY5H,B0053BCMAC,5
A2HD7CADHEIJ5A,B0053BCMAC,5
A22C4V6AXZ9PQO,B0053BCMAC,5
A9W055QLE6NZT,B0053BCMAC,5
A10UUYDN5NY2GB,B0053BCMAC,5
A3V761GBN0OEAN,B0053BCMAC,5
A3P4AINT6AFU9F,B0053BCMAC,5
AYKOEZFVI4TGP,B0053BCMAC,5
A1LP3NYDYTQ81V,B0053BCMAC,5
A55TVW2SE2JXK,B0053BCMAC,2
A1YKBSE9P3GDCA,B0053BCMAC,1
ANMEIF5DAR1FV,B0053BCMAC,4
A2YISI5ZDC06SC,B0053BCMAC,5
AHNYRCBNPYS9P,B005C2D2H4,3
A3QB2VPGHT0SVC,B005C2D2H4,5
A36FPEHND5CW5P,B005C2D2H4,3
A2JM83X18KJOYC,B005C2D2H4,5
A3OGAFD507Q9GM,B005C2D2H4,4
A3R66N9FR8HMJ7,B005C2D2H4,3
A1WGVOVABHFDF3,B005C2D2H4,5
A3S0BFBNL6UYU7,B005C2D2H4,4
A3QCK3IATSFPCA,B005C2D2H4,2
A1WUW4WLCNT82Q,B005C2D2H4,3
A10F5F8M55Z4Q9,B005C2D2H4,5
A2OUT79Q0FS69,B005C2D2H4,3
A1LYN3ZK230TGE,B005C2D2H4,5
A2S4ZOLI44MENH,B005C2D2H4,5
A2QY0WD2JLWUKS,B005EQE0YM,4
AX4SYUZKG8TXZ,B005EQE0YM,5
AD49674EWA74I,B005EQE0YM,5
A3HSSRAEKLUCOP,B005EQE0YM,5
A2MXJWFW6P4XF4,B005EQE0YM,5
AN2SCJ9PDVBIK,B005EQE0YM,5
A1SMHVGBDUDMEY,B005EQE0YM,5
A31CB14G6QWEH,B005EQE0YM,3
A2R39ZGM16HA96,B005EQE0YM,5
A380V9SSWVB2CA,B005EQE0YM,5
A1UBBTVRSUV72N,B005EQE0YM,5
A1ZZ6I6N3W94P8,B005EQE0YM,5
A18TWHZ6J2JLW3,B005EQE0YM,5
A2SEFTVOB9J8JY,B005EQE0YM,5
A3VMP9R43DCYUM,B005EQE0YM,5
A3NQP17O7WPWRC,B005EQE0YM,5
A2W867M0FLJNHM,B005EQE0YM,5
A39Q1ONUR4P4H0,B005EQE0YM,4
A1QS6WYA6YNBZS,B005EQE0YM,5
ANLQKGA7IOR8Y,B005EQE0YM,2
A25JOEPXHBMLOY,B005EQE0YM,5
A2DIM0MGIWHXTY,B005EQE0YM,1
A3S3Z9TCO8QS4L,B005EQE0YM,5
A2WHH7AFGSBNOJ,B005EQE0YM,5
A1AFLWMXJDZAQ3,B005EQE0YM,5
AZRQZL1SIW0OJ,B005EQE0YM,5
A2VRZBFBTQDZOC,B005EQE0YM,5
A3DHO701I0MKDP,B005EQE0YM,4
A5RHZLXOYGGUU,B005EQE0YM,4
A3RGLMSG9DQEU8,B005EQE0YM,1
A3JI1ELQKBH8SH,B005EQE0YM,4
A1Y9A4V9KBRELP,B005EQE0YM,5
A3THLN9AUYJY1G,B005EQE0YM,3
A3CO1P0AI9AEWR,B005EQE0YM,5
AON235026ZSUF,B005EQE0YM,4
A343WSMKJORRXM,B005EQE0YM,5
A2MM30EFRMPL5Z,B005EQE0YM,3
AUXV4R9QCLINQ,B005EQE0YM,5
A21F826KDJP56J,B005EQE0YM,5
A3ILQW67FRF0JO,B005EQE0YM,5
A3FLT882H8UZIS,B005EQE0YM,2
A35XTFTRDJEGQZ,B005EQE0YM,1
A2U0XH37W614G9,B005EQE0YM,5
AH1TEVXE0LLP9,B005EQE0YM,5
A20QKTX7FUQT3W,B005EQE0YM,3
A3AZPAZXGOD4VL,B005EQE0YM,5
A16IT612FWPB1Y,B005EQE0YM,5
A1FSB0ABKLVCPD,B005EQE0YM,5
AOJFJI3G7XUZT,B005EQE0YM,5
AMOG6CEKOYUI5,B005EQE0YM,3
A2P2R523TW0XQR,B005EQE0YM,5
A2P4QIW2G6U8YZ,B005EQE0YM,4
A3SZ3TAYEFYMMG,B005EQE0YM,5
AKLLR9TIH0QH0,B005EQE0YM,5
A31BPCBOF3C3N0,B005EQE0YM,5
A16P57DDQJBAWG,B005EQE0YM,5
AV62333WQDAXR,B005EQE0YM,5
A3R2VWP48AEKIC,B005EQE0YM,5
A3EXIM9H3PLDX9,B005EQE0YM,5
AS65L3A9I2ES6,B005EQE0YM,4
A3UA7AX1MI437Q,B005EQE0YM,5
A15CN75IY33KG2,B005EQE0YM,2
A3GWUPK4XE4EPP,B005EQE0YM,5
A1R6LTV9DWNM61,B005EQE0YM,4
A1VZRJ5VFI29LL,B005EQE0YM,2
AE4YM2QHPW5MJ,B005EQE0YM,5
A1QVTN4ZWGLZNU,B005EQE0YM,5
A1WD4W1P8TAGZG,B005EQE0YM,5
A1VVO43ES1Q03F,B005EQE0YM,5
A1JO63CK8MVIBS,B005EQE0YM,4
A19P1VXT8KELKZ,B005EQE0YM,4
A2LVFLPZ6EHQWR,B005TMG0IU,2
AK881IE9GTAC9,B005TMG0IU,1
A831AKU9Y5D2Y,B005TMG0IU,4
A2B3K4730H6CTB,B005TMG0IU,5
A3NK28P0BSBJY4,B006JEE05W,5
A32O98PFC3OP7K,B006P5RW3M,5
A1KWGHYT39PWI2,B006P5RW3M,5
AH5103EVUMLL5,B006P5RW3M,2
A26N27LJVQNVI1,B006P5RW3M,5
A16WKPOSEGQC3Y,B006P5RW3M,5
A8RGWWCC1PVMQ,B006P5RW3M,5
AXNWBX64EB6GL,B006P5RW3M,4
A3AVR5NYQULF7H,B006P5RW3M,5
A3AIPY438KNXUS,B006WQR3OM,4
A13LZ7X9X1REXX,B006WQR3OM,4
AFN50FW6QGP5N,B006WQR3OM,4
A38W8AXLQZYDLP,B006WQR3OM,5
A182E36CMQ6JEA,B006WQR3OM,5
AX1GYLCAS0LOV,B006WQR3OM,5
AX5O0OCTGKKPD,B006WQR3OM,5
A3JSHAHVPYO0PX,B006WQR3OM,2
A2GWBFMQWOEBIR,B006WQR3OM,5
A3V6Z4RCDGRC44,B006WQR3OM,5
AI9K7IX2BUMJP,B006WQR3OM,4
A19U3RW5VR9U4Z,B006WQR3OM,5
A1DIWZ8SU39V18,B006WQR3OM,4
A4P8H4D2JRA0I,B006WQR3OM,1
A2IS19LB8E85II,B006WQR3OM,5
A1F343XWE03F4S,B006WQR3OM,4
A2S4ZOLI44MENH,B006WQR3OM,5
A3CZ51PEAPD0KD,B006WQR3OM,5
A1UKSBU9MZBOQ4,B006WQR3OM,4
A2Y149WJNDM7U9,B006WQR3OM,2
A1VVO43ES1Q03F,B006WQR3OM,5
A25VB20093B0YT,B007FXFUFA,2
A3KF80JNA9PGYG,B007FXFUFA,5
A1E5707WYIHXHI,B007SRM5U6,4
A2D5QOKUUVC8MZ,B007SRM5U6,5
AS3ZA8FGJZ50X,B007SRM5U6,4
A3P974GJZFHS8D,B007SRM5U6,5
A1E330XTGY2EP9,B007SRM5U6,5
A1L1N3J6XNABO2,B007SRM5U6,5
AQ0M6PTC54TGW,B007SRM5U6,4
A3M21T652I9TPH,B007SRM5U6,5
A3JM313ZWAGIJU,B007SRM5U6,5
A3SZEYY6ELTTJK,B007SRM5U6,3
AC4176LU8R0SA,B007SRM5U6,5
A3F8T3BRXRX5P3,B007SRM5U6,5
A17OJILEIHEQG2,B007SRM5U6,5
A2IGDGE2NT15Z4,B007SRM5U6,5
A1RS0N9O7WCWUN,B007SRM5U6,5
A2TWRKMWPPNKVB,B007SRM5U6,5
A2ZOGZ604O4CI2,B007SRM5U6,5
AHSFXNTBJYNK4,B007SRM5U6,5
A1V4JMX16M3JNE,B007SRM5U6,5
A2II4W8K05KQ4G,B007SRM5U6,2
A4G51W9PC7TJL,B007SRM5U6,5
A2J9343D21EO40,B007SRM5U6,5
A2T931BBJ0N4FJ,B007SRM5U6,4
AZ9JWGE1UGKZA,B007SRM5U6,4
A24MNSFZOT9201,B007SRM5U6,5
AA3MVK6EDWIHF,B007SRM5U6,5
A1VA41OGO7X0ZW,B007SRM5U6,5
A2JJMCPGEE457T,B007SRM5U6,4
A1D656L4PKRJUR,B007SRM5U6,4
A2UK5ZLO6PYB0J,B007SRM5U6,5
A307YJ0PFZ6QAY,B007SRM5U6,5
AQSMM1Z9BEOYT,B007SRM5U6,4
A5Q6359R55V5G,B007SRM5U6,5
A317YA8BFT9BKB,B007SRM5U6,4
ANDVZIA4IVJBC,B007XVTR3K,3
ASAMQ3P3EFN9,B007XVTR3K,5
A2T71JNR3C2DY1,B007XVTR3K,4
A1J30HJM3YJSOA,B007XVTR3K,5
A3U4X6OWJO7PMB,B007XVTR3K,5
A2CJP9NYD8KNYQ,B007XVTR3K,5
A1JHWU07S37H28,B007XVTR3K,5
A2DFOAR1FC73UM,B007XVTR3K,4
A1LAQRP502MHEM,B007XVTR3K,5
A3EO48WJAUYH0M,B007XVTR3K,5
A1WZC4X6LYPIEX,B007XVTR3K,5
A23TR7HDJZD2OL,B007XVTR3K,5
A1CLD0XUR0VRDE,B007XVTR3K,5
A2O4IWROL1QDH9,B007XVTR3K,5
A2T404GHIEZIWX,B007XVTR3K,5
A3RCKYBE1C5NVW,B007XVTR3K,5
A1HGVYYASDWV47,B007XVTR3K,5
A1L2QRDUA3W5R4,B007XVTR3K,2
A3NZ79RJYF8UDJ,B007XVTR3K,5
ALC6LWQXBHIPG,B007XVTR3K,4
A2E0Y36180VBTN,B007XVTR3K,1
A2DWWQ0YX4XGDH,B007XVTR3K,5
A3T4H4FH6L1PZX,B007XVTR3K,5
AR498TEKBWCPB,B007XVTR3K,5
A2VV7016LUSOB6,B007XVTR3K,4
A15LJLR72VKL5E,B007XVTR3K,3
ACKE7RAMWLVP7,B007XVTR3K,4
A8IXEE1XQ3OEX,B007XVTR3K,1
A16ZNVA07NX1DG,B007XVTR3K,3
A169CJ2NJQYIM6,B007XVTR3K,4
A3HSSRAEKLUCOP,B007XVTR3K,2
A1D52ZMI5ADU5K,B007XVTR3K,1
A1DDGFYGFY6TDC,B007XVTR3K,5
A7R6X45A7KQDT,B007XVTR3K,1
A2VAMS1TTV0BHZ,B007XVTR3K,1
A3GJRVRH6JANYO,B007XVTR3K,2
ADPEAVHFCNLLC,B007XVTR3K,4
AU69XTW959B2G,B007XVTR3K,2
A15GHWYP5IN662,B007XVTR3K,2
A1AAUFP9MV3AEA,B007XVTR3K,1
A3MWZPCMIPS2TK,B007XVTR3K,5
A26JPPFJ1WLTGY,B007XVTR3K,5
A3958SRZFG5W82,B007XVTR3K,5
A1CANTGFUC6O31,B007XVTR3K,4
A35HTIF9NF8VCP,B007XVTR3K,5
A28CCN6VYHRUKS,B007XVTR3K,2
A1LGVNSZT48QUQ,B007XVTR3K,3
ATP2L50WYUVXI,B007XVTR3K,1
A3NWLZHSDS98FX,B007XVTR3K,4
A2ABSPL9D11G0Y,B007XVTR3K,2
A1XJ8F4NBXDIPG,B007XVTR3K,2
A2W867M0FLJNHM,B007XVTR3K,5
A3ITB9S0P3KZRR,B007XVTR3K,5
A3LPFL1JZ8MX0F,B007XVTR3K,5
APOUI93G4TY7U,B007XVTR3K,5
A2JB7TD1EQWQ6P,B007XVTR3K,1
A3LS3RAMAP3X8Z,B007XVTR3K,5
A1KX3K1IUT7900,B007XVTR3K,4
A2P545J7VFIO3I,B007XVTR3K,5
A1TXCD0HSTVFAU,B007XVTR3K,4
A2VQ0EHFZS1KY3,B007XVTR3K,4
A2L3EPIGHENK8O,B007XVTR3K,3
AVGOUVT61P47I,B007XVTR3K,5
A2XDX3KJY99A7R,B007XVTR3K,3
AOGQFSCJW7Z5L,B007XVTR3K,5
AG2JL3NLMR84N,B007XVTR3K,3
A2NLWLLF8V8MYH,B007XVTR3K,3
A3NW3LJA0VTD0W,B007XVTR3K,5
A3E4ROWO6RFQAN,B007XVTR3K,3
A307Y71ISNV9HD,B007XVTR3K,1
A2N0IOCQK69NQ,B007XVTR3K,2
A1N7XLN666BBZX,B007XVTR3K,4
A2Q4PXSOWHA0HF,B007XVTR3K,5
APFMSLR6X7XUW,B007XVTR3K,3
A2FKXU13USTGK0,B007XVTR3K,5
A2NQYHHA2YEEJC,B007XVTR3K,5
A20IODXCIIE4PO,B007XVTR3K,2
AD9J5OE7R8WZW,B007XVTR3K,5
A43IRNAS9I4UB,B007XVTR3K,5
A2QENEV1EW85HU,B007XVTR3K,5
A1RZHUKGUG8VHE,B007XVTR3K,4
A2JRDOWO0MKNNT,B007XVTR3K,2
AUB7W10GTWXF2,B007XVTR3K,5
A4AWSFZSRJARW,B007XVTR3K,3
A2CF79K00M78SQ,B007XVTR3K,5
A32W7MGLZNB36K,B007XVTR3K,5
A2S6NLBRDME601,B007XVTR3K,5
A31BPCBOF3C3N0,B007XVTR3K,4
A3TV0Q07RE0XAV,B007XVTR3K,5
A36OT34BWUV59E,B007XVTR3K,5
A3D8VPZNKYIAP0,B007XVTR3K,1
A3LR81AANUOKXW,B007XVTR3K,2
A33MA9PBGQBHT9,B007XVTR3K,4
AZATEPFCCVSX6,B007XVTR3K,5
A1RVMMSST87QFO,B007XVTR3K,2
AQTOOM1ANYVWG,B007XVTR3K,3
AR5W3QXFGSEX,B007XVTR3K,5
A20C81Y0MPD6R2,B007XVTR3K,2
A1FDILRG951F6R,B007XVTR5S,5
A3H99DFEG68SR,B007XVTR5S,2
A26JPPFJ1WLTGY,B007XVTR5S,5
A1JGP9A78RN8FR,B007XVTR5S,5
ANNMIZ68SJY7B,B007XVTR5S,3
ANKT0J4BTN7TK,B007XVTR5S,4
A2B8O2EXCGT9KV,B007XVTR5S,5
AUK9KURLG0DM4,B007XVTR5S,4
A1DUJ2S9UW29UD,B007XVTR5S,5
A2WTHEAFA4O2XF,B007XVTR5S,5
ALIU93TWZIHFI,B007XVTR5S,4
A3T4FLC36KNXRA,B007XVTR5S,1
A1HHIUTZQ6QBNI,B007XVTR5S,5
A2XK0CZBDW8W9S,B007XVTR5S,5
A1WN5JAGOPL4PN,B007XVTR5S,5
A1D6L5H76KMV6P,B007XVTR5S,5
A23WYYRAFC9PW2,B007XVTR5S,2
A2622YAIN0OXLR,B007XVTR5S,4
AUFKG7B4ETRLJ,B007XVTR5S,3
A3U4X6OWJO7PMB,B007XVTR5S,5
A1BNXH6FZP17MK,B007XVTR5S,4
A3IUX3TC0X73TE,B007XVTR5S,5
A3G6WO2G49YJI6,B007XVTR5S,2
A2J1WHOXKZP5TN,B007XVTR5S,5
A2AIFTO18B813M,B007XVTR5S,4
AVPM5SFOWMOG4,B007XVTR5S,4
AUFQ3KOT6IF5S,B007XVTR5S,5
A2X1VQLBUCEPZC,B007XVTR5S,2
A10FM6KVOWX9Z7,B007XVTR5S,5
A8EJA4AMJNO6C,B007XVTR5S,2
A11NG5FY5G9OAR,B007XVTR5S,1
A066010017AGU5GEHA7TJ,B007XVTR5S,3
A3QCCHF4TVH97P,B007XVTR5S,1
A20HFME0STR9NU,B007XVTR5S,4
A1C1BUON208GI,B007XVTR5S,3
A1YGBDZY889Z5W,B007XVTR5S,3
A22XZBCL5ZANET,B007XVTR5S,5
AAJTSTYREZJR7,B007XVTR5S,5
AP5XIC88VCMT5,B007XVTR5S,5
A2PVQR5PA7N2KT,B007XVTR5S,4
A08324222HTYZDE4L3F8Z,B007XVTR5S,3
A3S1UN5UL0W2G6,B007XVTR5S,3
A712TJ5820FAY,B007XVTR5S,5
AYRL0033UI557,B007XVTR5S,4
ADLDCTYS4ZFA4,B007XVTR5S,1
AM6XNTW6AMZI3,B007XVTR5S,5
A2OXSOOG2Y5HPP,B007XVTR5S,5
A156FQPJ2IERA8,B007XVTR5S,5
AF43EA4KYROE6,B007XVTR5S,1
AZFDLE9AU87IM,B007XVTR5S,4
A3DDXG79A08BMV,B007XVTR5S,5
A19X304TW6ICC0,B007XVTR5S,1
A2CDKNR59EBOKA,B007XVTR5S,4
AOUJKUIYLY85N,B007XVTR5S,1
A4BG416YX5366,B007XVTR5S,2
A1Y8LR054QA0XP,B007XVTR5S,5
A195DR934GBF6Q,B007XVTR5S,2
AYWQGWFZD65B1,B007XVTR5S,4
A7ELNGMVRPYWO,B007XVTR5S,3
A2JJMCPGEE457T,B007XVTR5S,4
A21ZTW2SJOB3C8,B007XVTR5S,5
A1OCGM17X2REM,B007XVTR5S,4
A2CNSTD6GS5P75,B007XVTR5S,1
A1RZVOJT0TCL4J,B007XVTR5S,5
AREU76LPTCR11,B007XVTR5S,4
ANMEIF5DAR1FV,B007XVTR5S,4
A7C86ODARX7YG,B007XVTR5S,5
ASAH67W5LWK3C,B007XVTR5S,5
A3AR0QLII9YPU2,B007XXEG5C,3
A104WER6UUDA2M,B007XYBUBE,5
AS3ZA8FGJZ50X,B007XYBUBE,4
A1ZV74CHKL3JFB,B007XYBUBE,4
ACIHXKMZIHV7W,B007XYBUBE,5
ANMCYLK83J1BV,B007XYBUBE,3
A3QB5GGUYO607J,B007XYBUBE,5
ALQIPOS17MU3X,B007XYBUBE,4
AQREATA01CZYL,B007XYBUBE,1
A2SJONDOW2ZTZT,B007XYBUBE,5
A1RS0N9O7WCWUN,B007XYBUBE,5
A1MN87SEPCXY5H,B007XYBUBE,1
A3T6YK654FKS62,B007XYBUBE,5
A267R436V1UBB1,B007XYBUBE,5
A2NAYEI9ZMG93A,B007XYBUBE,4
A1RMVTKK7AZSE4,B007XYBUBE,4
A2BLQEV8TG4TLG,B007XYBUBE,4
A12XRMMPDPUPKH,B007XYBUBE,4
A2WSHVBB6HW7P3,B007XYBUBE,4
AA6K1PDOE130V,B007XYBUBE,5
AF43EA4KYROE6,B007XYBUBE,4
A17YRASSGAEALU,B007XYBUBE,4
A3GFH3L8QPVZAA,B007XYBUBE,3
A956VDFUYAO40,B007XYBUBE,4
A2RQP1BQ3LP0R4,B007XYBUBE,5
A223VUO371B0UO,B0088MVPRY,5
A30YFBNQ52PISG,B0088MVPRY,5
A22Z2PGZ3ZUEMP,B0088MVPRY,5
ADX1GGSC2H9HQ,B0088MVPRY,5
AP6GBFH0YNMRN,B0088MVPRY,4
A180J7WALAMAC3,B0088MVPRY,5
A3DIS5O83SQJWW,B0088MVPRY,4
A31OMU9Y9CYVOK,B0088MVPRY,3
A2SD1Z4OROY538,B0088MVPRY,4
A3MHYPRIB5X6DC,B0088MVPRY,5
A2G7LBCEOMUSOT,B0088MVPRY,5
A1G6MKZORYFPCJ,B0088MVPRY,5
ANYBAAQHJGLM3,B0088MVPRY,5
A2FRKEXDXDN1KI,B0088MVPRY,5
A1GBT4UN2RW7XY,B0088MVPRY,4
A35XSGKV80CQ4N,B0088MVPRY,5
A3GCVZ1CZW36JU,B0088MVPRY,5
A2HKB624OOGRPD,B0088MVPRY,4
A3F9CMU8KNAY1M,B0088MVPRY,4
AJJU1GT46V2N6,B008D7F0UC,5
A3K0REVOU8YPUK,B008D7F0UC,3
AUZDK2QFE1WJH,B008D7F0UC,5
A2W0RKURLBY46O,B008D7F0UC,4
A5HUEE1HB4LDF,B008D7F0UC,4
A2FXAQB45P4DBT,B008D7F0UC,5
A2E006SY0CTP5O,B008E6ZXA4,5
A3JC30J3G0MY9,B008E6ZXA4,1
A69YFHMI593R6,B008E6ZXA4,4
A1XIKZOVZA0W67,B008E6ZXA4,4
A20C81Y0MPD6R2,B008E6ZXA4,1
A10SSD5CD4D1PP,B008OQTUKS,5
ATOY5FOS6ZY0V,B008OQTUKS,5
A3LVFEG981ZQ74,B008OQTUKS,5
A20C8LDQHZL56C,B008OQTUKS,5
A2XVB8X8HGEGMU,B008OQTUKS,3
A26HLRCAWRATKP,B008OQTUKS,5
A2BPSMUXMDEXK7,B008OQTUKS,5
A38Y6S4HFD7W08,B008OQTUKS,5
A17VQGPEGGSASI,B008OQTUKS,5
A2SDU5XT7IPK2V,B008OQTUKS,1
AV00WFBKK43X2,B0098PLPOI,2
A1NRCHRSDXYFW5,B0098PLPOI,5
A3KWPA8Q5JNGVK,B00A2Z50KI,1
A1ZI9XVM7RK8MA,B00A2Z50KI,5
AQUVTQFFXP4AC,B00B29S1JK,5
A182E36CMQ6JEA,B00B29S1JK,5
A3V0WQH80P96RN,B00B29S1JK,5
A3UXODAE28SZFA,B00B29S1JK,5
ABWQ60OWFK0SP,B00B29S1JK,4
A22TDUGDO0LBT4,B00B29S1JK,5
APQ617A8NTIO8,B00B67ZTUW,5
A3OGZXGZ0E9D1U,B00B67ZTUW,5
A2FXBWR4T4OFQ,B00B67ZTUW,5
A30PY7CVBQ3B70,B00B67ZTUW,5
A33VTX7Q0LH8Z5,B00B67ZTUW,3
A3JDQBVW076GJR,B00B67ZTUW,5
A1H1L5GGIPHVOT,B00B67ZTUW,5
A22EKU0SY1QMFW,B00B67ZTUW,5
A2NCZWXT116TKZ,B00B67ZTUW,5
A3SF4HPCLFC2GI,B00B67ZTUW,4
AUDHQPHGHDJWI,B00B67ZTUW,5
A1SWMXOOZZU9H1,B00BAWXD88,5
A1V5LJMQT1VS2Z,B00BAWXD88,5
A3NWI18O3M9BXF,B00BAWXD88,4
A2ZEZT9NOVALEA,B00BAWXD88,5
A1LLBSF024FIVK,B00BAWXD88,5
AXRL8HCUAUAIM,B00BAWXD88,5
A29RLAN74OKEVJ,B00BAWXD88,5
A3NKX2DI1J08RE,B00BAWXD88,5
A1WBE10OIBHI91,B00BAWXD88,5
A1VJX9LLHAPQN7,B00BAWXD88,5
AWE3KRBG43OEF,B00BBF2TO8,5
A2SW3597JGEJ6V,B00BMFIXOW,5
A1STQHPSN9842V,B00BMFIXOW,5
A19WVV9S53138B,B00BMFIXOW,4
A35E1YUD3W0XN3,B00BMFIXOW,5
A1V7M066XFKFEY,B00BMFIXOW,5
AG8UWL56LLU35,B00BMFIXOW,5
A1GWL4XS2ZXGG8,B00BMFIXOW,5
A36CBL7N0P3BIT,B00BMFIXOW,5
A3DYRYEFQX0Z1L,B00BMFIXOW,5
A1GLOKCG1HQSIH,B00BMFIXOW,5
A4R4YFQ5VIWFW,B00BMFIXOW,4
AWFYX5UOLY5IU,B00BMFIXOW,4
A13LDOH2E6GWSR,B00BMFIXOW,5
A1M3RJKQ0RMKWZ,B00BMFIXOW,5
A2GXE79EG55Y6T,B00BMFIXOW,5
AX1GYLCAS0LOV,B00BMFIXOW,4
A23Z9OL12GTGM0,B00BMFIXOW,5
A1X6Q52ZQFMLDR,B00BMFIXOW,5
A2WWV0K7B2SRUY,B00BMFIXOW,4
A3SZEYY6ELTTJK,B00BMFIXOW,5
A1MWYBP3OZBXFV,B00BMFIXOW,4
A29D6048JVIT6G,B00BMFIXOW,5
A1HD4A4YY2I7TO,B00BMFIXOW,5
A143QAZ6SCDUQV,B00BMFIXOW,5
A1RS0N9O7WCWUN,B00BMFIXOW,5
A2WU2WW034MN0C,B00BMFIXOW,4
A2N9FNQFPMPWL1,B00BMFIXOW,5
A32CV2U7QOOEIJ,B00BMFIXOW,5
A2KAPHYXZQCURI,B00BMFIXOW,5
A3FWUJXSIIKHIX,B00BMFIXOW,5
A1W7O46C36QMF6,B00BMFIXOW,5
A3V1A3C9DTLPME,B00BMFIXOW,5
A1WRTKJTS8ZRTK,B00BMFIXOW,5
A1LP4VUTCPME2F,B00BMFIXOW,5
ANCLQ9RVLHR14,B00BMFIXOW,5
AGI2D7E5S8FGV,B00BMFIXOW,5
A2J8HD7HS4M8J4,B00BMFIXOW,4
A17NCQVBGFNYLV,B00BMFIXOW,5
AKMNVUNZT372N,B00BMFIXOW,4
ADHNXAGJWB4O6,B00BMFIXOW,3
AE4YM2QHPW5MJ,B00BMFIXOW,5
A3M0M5LLJI1G8D,B00BMFIXOW,5
A1VJX9LLHAPQN7,B00BMFIXOW,5
A39P2ERY88P4M5,B00BMFIXOW,5
A1AO2EHLZU2PM9,B00BMFIXOW,5
A2EKJH3RCLUVPB,B00CMQTVUA,5
A29FUUTYWJGVZT,B00CMQTVUA,5
A1BIS6FID9J16M,B00CMQTVUA,5
A2YRAHO008GP94,B00CMQTVUA,5
A2JCBQPZZMZG64,B00CMQTVUA,4
AN2N044D4XOA6,B00CMQTVUA,5
AI0BFS7A8GDXA,B00CMQTVUA,4
A9GSC79YK20EX,B00CMQTVUA,2
A2SKIF8TEWOIMY,B00CMQTVUA,5
A3QDFB37T18WEJ,B00CMQTVUA,1
A21C0WVXN34S6F,B00CMQTVUA,4
A26R1GJD753ID,B00CMQTVUA,5
A136MYCSZAXWB6,B00CMQTVUA,4
A2RJ3PAV13LBT,B00CMQTVUA,1
A1KSOVHCQT6XS8,B00CMQTVUA,4
A1DZ5XRO54U9ER,B00CMQTVUA,5
A2ASGMM5JWKQ1G,B00CMQTVUA,1
A35FARN01BHPFA,B00CMQTVUA,4
AD15IGWYALYXL,B00CMQTVUA,5
A1MDDJOC67GZCH,B00CMQTVUA,5
A14OKD0J24VOGI,B00CMQTVUA,3
A2OGF6RVF8G8U2,B00CMQTVUA,5
A30XZK10EZN9V4,B00CMQTVUA,1
A2ZFWG64U1B8LS,B00CMQTVUA,1
A2LLHWBDBG76E8,B00CMQTVUA,5
AOXMNP16RWUMX,B00CMQTVUA,5
A1B2GQZ8PF8W06,B00CMQTVUA,2
AU9UCHGVY2BHF,B00CMQTVUA,5
A7U6R8SWJCYR3,B00CMQTVUA,4
A15I5MDVBVIFHL,B00CMQTVUA,5
A329ECJDNOMU0Q,B00CMQTVUA,4
A2MT2WZBDO2TAK,B00CMQTVUA,4
ARKOMA6URSWA3,B00CMQTVUA,4
A2I9ABXL2I0G3W,B00CMQTVUA,1
A357A1TI51VT1S,B00CMQTVUA,5
A3RQZ1J5F5G104,B00CMQTVUA,3
A15O4QPZ64HEFO,B00CMQTVUA,1
A31F7SGJBPAIBS,B00CMQTVUA,5
A2VIAB728UKYLK,B00CMQTVUA,5
A3FOR61MN0LLWW,B00CMQTVUA,5
AAZSJ3MK8BZKX,B00CMQTVUA,5
A1MQFZ8JCE4TQE,B00CMQTVUA,5
A28IBOLVCSQRLQ,B00CMQTVUA,5
A3C3XEZQMNNMPW,B00CMQTVUA,1
A2WMSC8LEV39BS,B00CMQTVUA,5
ADID6KJPM3KSN,B00CMQTVUA,5
A1PIY9TCXXFOXM,B00CMQTVUA,1
A2FN15S8QI5QDU,B00CMQTVUA,5
A17F5B5PK6WYXR,B00CMQTVUA,3
A3RPNJODORTLRB,B00CMQTVUA,5
A2WINYF389D4D,B00CMQTVUA,5
A3A7OM8311943J,B00CMQTVUA,5
A12XS5AWVCT30G,B00CMQTVUA,4
A2P2R523TW0XQR,B00CMQTVUA,5
A25NSTXNN16KG8,B00CMQTVUA,1
A2RYQ6AYGUBCUX,B00CMQTVUA,1
A2IPWOIK2GJ0RE,B00CMQTVUA,5
A3O77HLGKGA1QD,B00CMQTVUA,3
AU065M4C0BOT7,B00CMQTVUA,4
A1VOMZCO8KRUNY,B00CMQTVUA,5
A2WHKH9YTC2PZX,B00CMQTVUA,3
A3D8VPZNKYIAP0,B00CMQTVUA,5
A2DHZDX3XF3V0C,B00CMQTVUA,2
A1DLZWD19G9D4H,B00CMQTVUA,2
A1HHY5HIBO81SN,B00CMQTVUA,1
ADHNXAGJWB4O6,B00CMQTVUA,3
A1S4XGJRNC28SF,B00CMQTVUA,5
ATUG7E52EOXF8,B00CMQTVUA,5
A19I8UUGM3NA49,B00CMQTVUA,5
APEBDO71D088Z,B00CMQTVUA,5
A2OR7C5CCGKQY1,B00CMQTVUA,5
A2A343S6QIJ00J,B00CMQTVUA,5
A1CTFHTKNACDLV,B00CMQTVUA,5
A3DNOD30WHJ68N,B00D7NQP9M,4
A3KQG182PSXR0E,B00D7NQP9M,5
AI0BFS7A8GDXA,B00D7NQP9M,4
A2X1DHIME3NIBK,B00D7NQP9M,5
AY90FJTN2GSHX,B00D7NQP9M,5
A1LAQRP502MHEM,B00D7NQP9M,5
AZY1N2YRSROMQ,B00D7NQP9M,5
A6Y5N0WJ28MTE,B00D7NQP9M,4
ANS4D31A1SHTE,B00D7NQP9M,5
A243QU0J14OWYG,B00D7NQP9M,3
AH7LZBPUE3E0O,B00D7NQP9M,5
AY4HXCO6Y4GM4,B00D7NQP9M,5
A20RQURBI32DTP,B00D7NQP9M,5
A2NK8LE3T7H1D7,B00D7NQP9M,5
A22XAVS495JQ4H,B00D7NQP9M,5
A530OA3JKEODR,B00D7NQP9M,5
A35ZKRJXQEMY33,B00D7NQP9M,5
A31F7SGJBPAIBS,B00D7NQP9M,5
AXWN33G1RCG7J,B00D7NQP9M,3
A2I0965N75NTT,B00D7NQP9M,5
AKV87H8H5TYQD,B00D7NQP9M,4
A1Y427YVDG91B1,B00D7NQP9M,5
A2GE1QIP9RJHZI,B00D7NQP9M,5
A25NSTXNN16KG8,B00D7NQP9M,5
A3ECJDMHMRNFF7,B00D7NQP9M,4
A3TRXTGL7QP49R,B00D7NQP9M,4
AUN67E4FFOX18,B00D7NQP9M,4
A1MHB1HRR6VPEH,B00D7NQP9M,1
A2U7NVNFQUYYNI,B00D7NQP9M,5
A1XWZI706IR3PY,B00F3FVLWI,5
AD15IGWYALYXL,B00F3FVLWI,3
A108FGYCF9IEQO,B00F3FVLWI,2
APE1EX1BNN30B,B00F3FVLWI,5
A227A5EE6ITYNF,B00F3FVLWI,5
A25Y5ZHHTYO9N4,B00F3FVLWI,5
A2ERJQ6T0RCLDG,B00F3FVLWI,5
AGUM7IQKKT3IH,B00F3FVLWI,4
ABMR2VMT6EOOF,B00F3FVLWI,5
A2TTV1KIZR7J11,B00F3FVLWI,5
A1TZGFNVJEVFPV,B00G0OYHCW,5
ATGHCRAAL3YE5,B00G0OYHCW,5
AGS4ULE8ZABC3,B00G0OYHCW,5
A2DJN3E5ECCJ81,B00G0OYHCW,5
A2EO56IXBKOWV,B00G0OYHCW,5
A1GBT4UN2RW7XY,B00G0OYHCW,5
A1H4NFXAJQRQ2K,B00G0OYHCW,5
A3VVMIMMTYQV5F,B00G0OYHCW,5
A3ER6ARJ23CIN8,B00G0OYHCW,5
A2ADNNOZZHN5L5,B00G0OYHCW,5
A1MN87SEPCXY5H,B00G0OYHCW,5
A10YODOESQX328,B00G0OYHCW,1
A19MFGJFQPLLDN,B00G0OYHCW,5
A3ETZ7QYVUOW1J,B00G0OYHCW,4
A2NIUAROUG07GY,B00G0OYHCW,5
AR1NP84PU84D4,B00G0OYHCW,4
A11548ZOIDAELN,B00G0OYHCW,1
A1MHB1HRR6VPEH,B00G0OYHCW,1
A2RP7K93PYW9Q7,B00G0OYHCW,5
A2IOIRK1CSRTDC,B00GOOSTFE,5
A6C0QCBORL39D,B00GOOSTFE,5
AX9YS48XDC78A,B00GOOSTFE,5
A1WJW2OIR5BZ58,B00GOOSTFE,3
A1VZRJ5VFI29LL,B00GSR47F8,5